,GEOID,hhinc_low
0,410290024001,134
1,410419508001,207
2,410419508002,576
3,410419514001,164
4,410419514002,260
5,410290027002,123
6,410290027003,748
7,410290027001,183
8,410290027004,400
9,410290011003,167
10,410290011002,345
11,410290011001,176
12,410290013011,142
13,410290013013,64
14,410290021002,208
15,410290021003,82
16,410290029005,341
17,410290029001,207
18,410290029002,114
19,410290029006,132
20,410290018003,412
21,410290018001,238
22,410290018002,336
23,410290020002,256
24,410290028001,207
25,410290028003,81
26,410290008001,741
27,410290007001,252
28,410290007002,447
29,410190500012,246
30,410190500011,112
31,410190500014,122
32,410191800001,161
33,410191800004,130
34,410359704001,251
35,410359714002,205
36,410359714003,71
37,410359715004,262
38,410359715001,180
39,410359715005,288
40,410359715002,240
41,410359718003,305
42,410419504001,572
43,410290030023,148
44,410419501001,504
45,410419501002,237
46,410419511001,142
47,410419511002,260
48,410419516001,276
49,410419516003,182
50,410419516002,315
51,410419509001,97
52,410419509003,166
53,410419509002,91
54,410419509004,237
55,410419512002,140
56,410470028001,77
57,410470028002,381
58,410470101002,12
59,410470106001,58
60,410050222012,917
61,410050222011,115
62,410050235002,124
63,410050235005,119
64,410050235001,191
65,410050238001,143
66,410050238003,12
67,410050238005,79
68,410050216012,530
69,410050216013,116
70,410359701003,232
71,410359701001,86
72,410290030022,204
73,410290025001,63
74,410290025002,110
75,410290009002,305
76,410290009001,83
77,410290014001,352
78,410290023002,126
79,410290002011,271
80,410290002013,459
81,410290015001,38
82,410290015002,267
83,410290024002,142
84,410599505001,301
85,410599505002,279
86,410599505003,63
87,410599507002,186
88,410599507001,203
89,410599507003,115
90,410599509002,143
91,410599509003,222
92,410599509001,380
93,410599502001,198
94,410599502003,132
95,410599502005,187
96,410599502004,202
97,410599502002,288
98,410599502006,86
99,410599514001,258
100,410470108022,92
101,410470108024,187
102,410470018014,314
103,410470018013,165
104,410470018012,364
105,410050228001,272
106,410050228003,52
107,410050232022,216
108,410710302022,172
109,410710302021,288
110,410019503002,291
111,410019503003,131
112,410019501003,164
113,410019501001,242
114,410019504003,192
115,410019504001,293
116,410019506001,114
117,410019502003,307
118,410019505002,161
119,410019505001,389
120,410333611001,487
121,410333611003,436
122,410333613004,343
123,410470016042,335
124,410050214002,107
125,410050214003,211
126,410359718001,231
127,410359703002,78
128,410359703001,149
129,410359703003,124
130,410359703004,65
131,410359705002,126
132,410359705001,243
133,410359711003,151
134,410359711004,65
135,410359711001,119
136,410359711002,146
137,410470106002,218
138,410470106003,125
139,410470013003,49
140,410470013001,166
141,410470015013,279
142,410470015011,122
143,410470016024,231
144,410470016022,760
145,410470016021,392
146,410470018023,17
147,410470018022,89
148,410470023011,204
149,410470107021,138
150,410470107022,424
151,410470108014,110
152,410470108015,289
153,410470108011,111
154,410470108012,123
155,410050232012,176
156,410050232011,172
157,410050236001,58
158,410050243023,299
159,410050203042,103
160,410050203041,79
161,410050212001,442
162,410050224001,166
163,410359707001,140
164,410359707002,205
165,410359717003,175
166,410359717002,183
167,410359710001,200
168,410599506001,15
169,410599506003,236
170,410599506006,112
171,410599508004,341
172,410599508002,258
173,410599508001,169
174,410599508003,156
175,410599510001,125
176,410599510002,424
177,410599510004,127
178,410599510003,202
179,410290002033,315
180,410290002032,242
181,410290002031,230
182,410290013023,489
183,410290013025,197
184,410290013021,148
185,410290022004,304
186,410290022002,211
187,410290022003,132
188,410290030011,147
189,410290006013,251
190,410290006011,74
191,410290012002,8
192,410290012001,506
193,410050240002,84
194,410050218022,414
195,410599510005,175
196,410599513002,171
197,410599513004,154
198,410599513001,20
199,410599501001,306
200,410599511003,203
201,410599511004,47
202,410599511005,171
203,410599512005,57
204,410599512002,338
205,410599512003,129
206,410599512006,253
207,410419518001,221
208,410419518002,273
209,410419517001,377
210,410530204001,223
211,410530204004,253
212,410530204002,234
213,410530204005,72
214,410050201002,42
215,410050201001,95
216,410050203021,139
217,410050203022,156
218,410290003001,553
219,410290003002,766
220,410290002022,158
221,410290002023,315
222,410290002021,266
223,410290017002,622
224,410290017003,223
225,410290019002,136
226,410290001001,321
227,410050224004,77
228,410050224005,184
229,410050237002,126
230,410050237001,141
231,410190800004,113
232,410190800005,216
233,410050209003,424
234,410050209002,104
235,410050216023,252
236,410050216021,441
237,410050219002,170
238,410050202004,159
239,410050202002,42
240,410050217001,282
241,410050217002,369
242,410599514002,108
243,410599503003,153
244,410599503002,90
245,410599504005,70
246,410599504006,52
247,410599504001,65
248,410599504003,231
249,410599506004,239
250,410599506002,183
251,410670312002,131
252,410670316062,181
253,410670316061,240
254,410670316063,202
255,410670316131,60
256,410619704002,225
257,410619704001,46
258,410099704002,147
259,410099704001,186
260,410430304016,214
261,410430304011,171
262,410430307003,212
263,410430307004,209
264,410510037013,214
265,410670317033,155
266,410670318051,85
267,410670318054,103
268,410670321031,110
269,410670321032,513
270,410670326033,126
271,410670326031,84
272,410050244001,244
273,410050244003,642
274,410050244002,41
275,410470021022,60
276,410470021023,287
277,410470021024,388
278,410470021021,191
279,410470023032,231
280,410419503043,407
281,410419503031,129
282,410419503032,123
283,410050220003,239
284,410050228004,110
285,410050202005,229
286,410510067012,140
287,410530053005,126
288,410530203042,326
289,410530203041,423
290,410530203032,409
291,410530205002,242
292,410510096053,474
293,410510104111,336
294,410510064032,346
295,410510064033,205
296,410510104101,309
297,410510104103,163
298,410579604001,123
299,410579604003,333
300,410579605003,177
301,410579605001,93
302,410579607002,191
303,410710305011,167
304,410710305013,320
305,410710307021,193
306,410710310001,251
307,410710302013,228
308,410710302014,286
309,410710302012,132
310,410470105032,159
311,410470105033,167
312,410470107012,131
313,410470107015,384
314,410530052011,84
315,410530052013,543
316,410530202041,132
317,410530202042,92
318,410530051001,257
319,410470105013,240
320,410470105011,149
321,410510003025,29
322,410510003022,100
323,410510003026,13
324,410510003024,13
325,410510005012,99
326,410510005014,68
327,410510005011,154
328,410510005013,142
329,410510013023,66
330,410510013022,112
331,410510013021,125
332,410510024011,39
333,410510024012,38
334,410139501004,147
335,410139501003,779
336,410670316132,36
337,410670316134,505
338,410670316133,188
339,410670318072,68
340,410670318071,394
341,410670324045,129
342,410670324044,81
343,410670324042,56
344,410670319041,57
345,410670309001,395
346,410670315121,55
347,410670315122,190
348,410499702002,101
349,410499702001,57
350,410499702006,51
351,410499701001,278
352,410279504003,228
353,410379602002,164
354,410379602004,123
355,410379602003,177
356,410379602005,225
357,410379601002,203
358,410379601001,712
359,410510003012,49
360,410510002003,196
361,410510002004,501
362,410510004022,79
363,410510004023,133
364,410510011021,214
365,410510015003,65
366,410510015002,113
367,410510076001,242
368,410510076002,388
369,410510077002,123
370,410510081002,264
371,410510081004,372
372,410459706001,124
373,410459706003,177
374,410710303022,64
375,410710303021,70
376,410710301021,75
377,410710301023,406
378,410710306011,243
379,410710306012,335
380,410710301011,296
381,410710303011,49
382,410710303012,409
383,410050204042,91
384,410050204041,113
385,410670309003,363
386,410670309002,210
387,410319603024,342
388,410319603023,60
389,410050230011,163
390,410139501005,211
391,410139502002,122
392,410139502004,289
393,410139503002,319
394,410139503004,170
395,410139503005,263
396,410559501002,160
397,410559501001,168
398,410659702003,269
399,410659705002,343
400,410659705003,239
401,410659707002,115
402,410390039001,325
403,410390039003,361
404,410110011002,146
405,410110011006,227
406,410110011003,193
407,410110011005,179
408,410110006002,112
409,410110006001,143
410,410110003002,91
411,410510063001,85
412,410510064022,136
413,410510070003,87
414,410510070002,70
415,410510072012,216
416,410510038023,46
417,410319602023,227
418,410319602022,417
419,410319602012,320
420,410319602011,523
421,410319603012,164
422,410319603013,277
423,410319603011,133
424,410030002022,582
425,410030002021,18
426,410030107022,0
427,410030107023,500
428,410030107021,285
429,410459706005,65
430,410459706002,205
431,410459706004,184
432,410459702001,147
433,410459702003,134
434,410459702004,376
435,410459702002,177
436,410459705001,155
437,410459705006,110
438,410459705004,186
439,410459705005,132
440,410459705003,128
441,410459705002,175
442,410510001002,96
443,410510006022,420
444,410510006023,128
445,410510006021,134
446,410510008014,131
447,410510074002,340
448,410510007011,184
449,410510007012,105
450,410510016022,68
451,410510016023,356
452,410510016024,198
453,410510065011,51
454,410510079001,327
455,410510082022,490
456,410510082021,682
457,410510083022,448
458,410510093022,271
459,410510097012,176
460,410510097013,233
461,410510103032,278
462,410510001007,90
463,410510001006,58
464,410510001005,113
465,410510001001,81
466,410390024042,310
467,410030011021,136
468,410030011022,388
469,410030104003,337
470,410030104001,106
471,410030104002,86
472,410030101003,204
473,410030101001,54
474,410030101002,116
475,410030101004,273
476,410030101005,77
477,410030004004,80
478,410030004001,306
479,410030004002,196
480,410030004003,157
481,410030001001,177
482,410030001003,166
483,410390047003,152
484,410390047004,225
485,410390047001,144
486,410390050003,167
487,410390050001,138
488,410390044034,275
489,410390044031,278
490,410390044032,626
491,410390048001,680
492,410390048003,468
493,410390009031,83
494,410390009033,321
495,410390013022,449
496,410050214001,208
497,410050220001,123
498,410050220002,244
499,410050231001,169
500,410050231002,191
501,410050231003,196
502,410050233002,56
503,410050233001,171
504,410050233003,96
505,410333607021,780
506,410333607022,203
507,410333607023,356
508,410333610003,147
509,410333610004,207
510,410333610002,256
511,410333616001,414
512,410333616007,419
513,410333616005,117
514,410333616002,503
515,410030108003,192
516,410030108001,155
517,410030108002,120
518,410030106004,33
519,410030106003,412
520,410030106001,427
521,410470104005,87
522,410259602001,180
523,410259601004,514
524,410259601003,202
525,410259601005,229
526,410670314022,159
527,410390019043,402
528,410390029031,148
529,410390023012,133
530,410390045013,243
531,410390045011,295
532,410510003014,218
533,410510099041,147
534,410510099043,61
535,410510106002,899
536,410510106003,296
537,410510023031,211
538,410510022031,146
539,410510022032,163
540,410510022034,213
541,410510065013,28
542,410710307023,514
543,410710308013,350
544,410390035004,135
545,410390024041,223
546,410390028001,484
547,410390016002,215
548,410390016003,130
549,410390016001,140
550,410390016004,114
551,410390021011,190
552,410510099033,54
553,410670302002,104
554,410670302003,84
555,410670308014,393
556,410670308013,250
557,410670316112,164
558,410670316113,55
559,410510017016,33
560,410099707001,188
561,410099707004,221
562,410099707003,212
563,410099710001,262
564,410099710002,200
565,410099710003,119
566,410099705003,94
567,410099705004,113
568,410099705001,378
569,410099705002,93
570,410099711002,129
571,410099711003,171
572,410099711001,105
573,410099706001,158
574,410099706003,114
575,410099709002,103
576,410099709001,82
577,410139504001,598
578,410139504002,128
579,410390053002,137
580,410390053001,91
581,410390011013,232
582,410390011011,99
583,410390011023,220
584,410390011021,105
585,410390014002,187
586,410333608002,211
587,410333608003,425
588,410333605002,158
589,410333605004,281
590,410333615001,448
591,410359702001,366
592,410359702002,293
593,410359702004,191
594,410470105021,459
595,410470105023,63
596,410470017023,349
597,410470017021,111
598,410470006003,363
599,410470006001,295
600,410470016044,405
601,410470017011,495
602,410470017013,385
603,410470017032,226
604,410470017033,130
605,410470024001,93
606,410470103044,146
607,410470103042,169
608,410470103043,109
609,410670328001,136
610,410670308032,257
611,410670308033,134
612,410670308031,248
613,410670303002,121
614,410670303004,78
615,410670303001,144
616,410670303003,60
617,410670310035,179
618,410670310034,139
619,410670310031,227
620,410499701002,192
621,410499701003,169
622,410499701005,232
623,410079512001,134
624,410470105012,34
625,410470004001,353
626,410470004002,336
627,410470010002,353
628,410470010003,298
629,410390017001,364
630,410390017003,208
631,410390017004,133
632,410390024011,69
633,410390029021,547
634,410390030002,600
635,410670310033,50
636,410670310062,77
637,410670310061,281
638,410670310064,529
639,410670317062,171
640,410670317063,121
641,410670316101,40
642,410670316104,298
643,410670316103,81
644,410670320013,44
645,410079512003,189
646,410079513001,227
647,410079505001,170
648,410079502002,208
649,410079502001,281
650,410079502003,152
651,410079503001,164
652,410079503004,101
653,410079506001,152
654,410079506003,60
655,410079509001,65
656,410079509002,196
657,410079509003,312
658,410079509004,106
659,410510005022,91
660,410510005025,192
661,410510005021,70
662,410510008023,188
663,410510008024,280
664,410510008022,75
665,410510010004,62
666,410510010003,121
667,410510010002,178
668,410510011011,478
669,410510012012,263
670,410510012014,393
671,410050230012,140
672,410050234031,549
673,410050234043,198
674,410050234044,112
675,410050234041,75
676,410050234042,321
677,410050239022,205
678,410290004051,406
679,410290010014,352
680,410670321033,216
681,410670304013,237
682,410670304023,134
683,410470010001,205
684,410470103031,183
685,410470103032,211
686,410050211001,186
687,410050211003,58
688,410050211002,176
689,410530202031,238
690,410530202033,211
691,410530202032,173
692,410530203023,350
693,410530203024,148
694,410530203022,115
695,410710304002,173
696,410710304005,207
697,410710304001,46
698,410710307012,565
699,410710308011,584
700,410710308012,372
701,410710305023,211
702,410710308022,35
703,410710308021,425
704,410710309002,213
705,410710302023,391
706,410470107011,108
707,410470015031,277
708,410470015033,220
709,410470016011,230
710,410470016012,215
711,410470020001,528
712,410470020002,196
713,410470016031,142
714,410530204003,116
715,410619706001,84
716,410619706004,99
717,410430306003,126
718,410430306004,523
719,410430306002,154
720,410510038022,68
721,410510038021,151
722,410510087001,169
723,410510087003,150
724,410510091022,219
725,410510091021,188
726,410510096041,444
727,410510096042,490
728,410510096052,301
729,410510096051,601
730,410510096062,634
731,410510096061,436
732,410030006003,323
733,410030006002,234
734,410030103002,67
735,410030103001,171
736,410030103003,143
737,410030102002,78
738,410030102003,141
739,410030011012,495
740,410670317042,126
741,410670317044,46
742,410030011011,222
743,410099702005,298
744,410099702001,315
745,410099702004,156
746,410099702003,159
747,410099708002,534
748,410099708003,342
749,410099703003,80
750,410099703004,117
751,410390021022,635
752,410670304022,265
753,410670306003,64
754,410510099034,39
755,410510102003,146
756,410510094005,167
757,410050205051,201
758,410050204031,138
759,410050221071,426
760,410050221072,264
761,410050221052,264
762,410050221051,29
763,410050221081,203
764,410050222061,154
765,410050222051,145
766,410050222052,48
767,410050222081,156
768,410670319073,462
769,410670319081,175
770,410670319082,110
771,410670318132,299
772,410390023023,150
773,410390023021,131
774,410390007081,258
775,410390007073,420
776,410390007072,192
777,410399900000,0
778,410390025041,60
779,410390044053,103
780,410390033022,319
781,410510039015,171
782,410510039014,133
783,410510039013,73
784,410510039011,61
785,410510039012,156
786,410510055001,593
787,410510058005,42
788,410510058003,108
789,410510058004,47
790,410510058001,183
791,410510058002,266
792,410510059001,789
793,410510024013,85
794,410510034022,97
795,410510034023,130
796,410510035014,197
797,410510035012,66
798,410510035011,200
799,410390001004,179
800,410390001001,211
801,410390001003,176
802,410390005003,216
803,410390005002,133
804,410390008002,73
805,410390031011,155
806,410390031012,151
807,410390040003,140
808,410390040002,178
809,410390044014,389
810,410110007001,227
811,410110007007,90
812,410110007003,27
813,410110007008,371
814,410110007004,319
815,410110007006,343
816,410110010006,303
817,410110010007,284
818,410110010001,106
819,410110011001,114
820,410390021023,458
821,410430301003,61
822,410579602001,165
823,410510068011,404
824,410510095012,353
825,410510094002,120
826,410510094003,168
827,410510094004,85
828,410619703002,246
829,410619707001,281
830,410619707003,441
831,410670324062,63
832,410390034001,312
833,410390034002,185
834,410390034003,375
835,410390034004,189
836,410390041002,161
837,410390041001,232
838,410390041003,188
839,410390041004,115
840,410390049001,70
841,410390049003,109
842,410510017021,300
843,410510017022,143
844,410510017023,96
845,410510019004,67
846,410510019001,199
847,410510025011,23
848,410510025015,13
849,410510025014,41
850,410510025016,8
851,410510026002,22
852,410510026003,68
853,410510027022,559
854,410510029021,111
855,410510029022,46
856,410510029024,316
857,410170020001,152
858,410050218013,216
859,410510017013,31
860,410510017012,284
861,410510017017,185
862,410510017014,114
863,410510017015,82
864,410510066021,160
865,410510066022,417
866,410510066023,192
867,410510007021,264
868,410510007023,216
869,410510007022,134
870,410510007024,171
871,410510018011,331
872,410510018012,212
873,410510018021,374
874,410510021002,477
875,410470104002,224
876,410470104003,100
877,410470104004,336
878,410470103053,123
879,410470103051,278
880,410470103052,161
881,410670315091,453
882,410510100022,211
883,410170006001,346
884,410170006002,41
885,410170006004,204
886,410170004021,210
887,410170004022,102
888,410170004023,14
889,410170019023,43
890,410170019024,105
891,410170019021,833
892,410170019022,266
893,410170019011,109
894,410170010021,293
895,410170010011,375
896,410170010015,307
897,410290010012,147
898,410290010011,249
899,410290007005,327
900,410290015004,344
901,410290006014,211
902,410050243031,272
903,410050243032,165
904,410050243042,79
905,410470020003,281
906,410050243041,201
907,410050221032,188
908,410470023033,401
909,410470023031,368
910,410470022021,242
911,410470022022,159
912,410470021012,77
913,410470025012,176
914,410470023041,127
915,410470023042,44
916,410470023044,53
917,410470102021,259
918,410470102023,111
919,410050229041,195
920,410050229042,239
921,410050229052,33
922,410050229051,44
923,410050230021,114
924,410699601001,151
925,410170012002,67
926,410670312004,448
927,410510011012,415
928,410459709004,63
929,410459709001,108
930,410390024013,143
931,410430208023,302
932,410430208021,178
933,410430208024,393
934,410510024021,322
935,410510024023,192
936,410510029031,388
937,410510029032,150
938,410510029034,157
939,410510033011,124
940,410510033012,248
941,410510037022,48
942,410510037023,204
943,410670329021,136
944,410510099032,139
945,410510101002,583
946,410510101001,80
947,410510101003,404
948,410510103061,103
949,410510104091,451
950,410510104093,13
951,410510016016,103
952,410510016014,232
953,410510016012,52
954,410510016013,266
955,410510006011,305
956,410510009014,83
957,410510009012,87
958,410510009011,114
959,410670324102,72
960,410670324103,165
961,410670325021,255
962,410670325011,329
963,410670325012,149
964,410670315085,63
965,410670315084,18
966,410670329023,158
967,410670329024,147
968,410670308034,353
969,410470005012,249
970,410470005011,209
971,410390007062,293
972,410470018031,688
973,410470018032,0
974,410470026002,70
975,410470026001,72
976,410050242001,259
977,410050242002,171
978,410050242004,130
979,410050242003,234
980,410050210001,113
981,410050210003,132
982,410050218011,120
983,410050218012,55
984,410050227022,151
985,410050227021,203
986,410050213002,94
987,410050213001,491
988,410050204012,43
989,410050204013,187
990,410333613001,285
991,410333613003,234
992,410333614002,399
993,410333607012,174
994,410333607011,552
995,410333603004,408
996,410333603003,303
997,410333604002,429
998,410333612001,820
999,410333612003,425
1000,410333601001,373
1001,410333601002,146
1002,410333609001,408
1003,410333606002,280
1004,410333606003,134
1005,410333606001,346
1006,410470027005,101
1007,410510012022,80
1008,410510012021,128
1009,410290006023,119
1010,410470103071,387
1011,410470103072,143
1012,410470102011,102
1013,410470102012,107
1014,410470022012,30
1015,410191300003,208
1016,410191700002,208
1017,410191700001,141
1018,410190300001,192
1019,410190300002,268
1020,410190300003,268
1021,410190600001,103
1022,410670330003,71
1023,410670330004,96
1024,410670330002,189
1025,410670330001,148
1026,410670336002,55
1027,410670336003,76
1028,410670336001,62
1029,410670310054,202
1030,410670310051,157
1031,410419515002,396
1032,410419513002,240
1033,410030005002,84
1034,410030005001,105
1035,410030009003,464
1036,410030009004,47
1037,410030009005,40
1038,410030010023,78
1039,410030010021,135
1040,410390032022,197
1041,410390025011,160
1042,410390025013,174
1043,410390027002,339
1044,410390032012,460
1045,410390012022,209
1046,410390007061,240
1047,410419506013,221
1048,410419506012,238
1049,410110005043,224
1050,410110005042,373
1051,410110005045,578
1052,410110005031,129
1053,410390033013,204
1054,410390033012,247
1055,410110005032,226
1056,410050229071,189
1057,410419506022,311
1058,410419901000,0
1059,410419503041,271
1060,410050227071,132
1061,410050229062,82
1062,410670319092,82
1063,410670318121,208
1064,410670318122,555
1065,410510070004,218
1066,410710305014,32
1067,410670324092,436
1068,410670333021,79
1069,410159901010,0
1070,410579901000,0
1071,410670333013,147
1072,410670333012,118
1073,410670318153,151
1074,410290006022,666
1075,410670325031,135
1076,410670302004,144
1077,410510104054,399
1078,410510064042,231
1079,410510064041,217
1080,410510099051,53
1081,410510099052,188
1082,410510099072,201
1083,410510099071,103
1084,410510099073,249
1085,410510104112,216
1086,410670315132,346
1087,410670315133,165
1088,410670301014,230
1089,410670301011,51
1090,410670301013,525
1091,410670301021,290
1092,410670316152,42
1093,410670316154,93
1094,410670316151,273
1095,410670324081,131
1096,410670326081,180
1097,410670326102,102
1098,410670321071,116
1099,410670321042,226
1100,410670326063,39
1101,410670326065,78
1102,410670326064,69
1103,410079501003,302
1104,410079501001,187
1105,410079507001,212
1106,410079504003,75
1107,410079504001,67
1108,410079511001,384
1109,410079511003,205
1110,410110002002,167
1111,410110002001,71
1112,410430306005,261
1113,410430202001,340
1114,410430205001,343
1115,410430205002,541
1116,410192100004,354
1117,410192100002,251
1118,410192100005,214
1119,410192100003,204
1120,410190100002,421
1121,410190100001,220
1122,410190400002,289
1123,410190400003,163
1124,410190400001,115
1125,410190500021,641
1126,410190500024,303
1127,410191000002,200
1128,410191000003,236
1129,410191200004,232
1130,410191200005,149
1131,410191200001,464
1132,410191200002,649
1133,410190900001,180
1134,410190900002,341
1135,410430309022,295
1136,410430309023,170
1137,410430309025,358
1138,410430309033,455
1139,410430309031,299
1140,410430309041,130
1141,410430309043,191
1142,410390012023,380
1143,410390015004,380
1144,410390015001,193
1145,410390015002,479
1146,410390018011,184
1147,410390054001,96
1148,410390043002,355
1149,410390043004,209
1150,410390043001,812
1151,410510038012,52
1152,410510042001,150
1153,410659703003,211
1154,410659701002,158
1155,410659701001,360
1156,410659701003,61
1157,410659708001,198
1158,410659708004,296
1159,410659708003,72
1160,410659708002,153
1161,410670329011,161
1162,410390004021,189
1163,410390004023,255
1164,410390004022,96
1165,410390044011,444
1166,410390002002,113
1167,410390002004,70
1168,410390026001,374
1169,410390026003,372
1170,410390004034,279
1171,410390004031,159
1172,410390004033,300
1173,410390009041,135
1174,410390020022,347
1175,410459703004,329
1176,410510067011,82
1177,410510080021,149
1178,410510080022,265
1179,410510089011,348
1180,410510089012,433
1181,410670324063,287
1182,410670324064,63
1183,410670326043,278
1184,410670326045,172
1185,410670326044,140
1186,410670326041,90
1187,410670326042,98
1188,410670334002,89
1189,410190600003,255
1190,410190600002,160
1191,410190700002,398
1192,410190700003,310
1193,410190700001,221
1194,410192000002,242
1195,410192000004,360
1196,410239602004,358
1197,410239602005,276
1198,410390033021,164
1199,410390033023,406
1200,410390029041,267
1201,410390029042,447
1202,410390029043,212
1203,410390045023,481
1204,410670320051,42
1205,410670320052,147
1206,410670320054,221
1207,410670308061,248
1208,410670326071,417
1209,410670326091,164
1210,410670331011,454
1211,410670331021,291
1212,410670332003,781
1213,410670332002,335
1214,410670319112,188
1215,410670319103,278
1216,410390045021,218
1217,410510049003,328
1218,410510051003,588
1219,410510052003,249
1220,410510055002,574
1221,410510057002,369
1222,410510057003,85
1223,410510091024,228
1224,410710303014,289
1225,410710303015,77
1226,410050221013,288
1227,410050222013,473
1228,410670316105,299
1229,410510098034,578
1230,410170020002,203
1231,410170021003,370
1232,410170021002,588
1233,410170021004,224
1234,410170016002,533
1235,410170016001,198
1236,410430201003,96
1237,410430201004,185
1238,410430201001,479
1239,410430206002,276
1240,410430206003,135
1241,410430206004,47
1242,410430304021,227
1243,410430304025,225
1244,410430308002,193
1245,410191300001,225
1246,410191300005,197
1247,410191300002,193
1248,410110003001,247
1249,410110003004,174
1250,410110003003,103
1251,410110004001,199
1252,410110004004,92
1253,410110004006,271
1254,410110004005,133
1255,410110004002,84
1256,410110004003,208
1257,410110005022,217
1258,410110005021,421
1259,410110009002,360
1260,410110009001,134
1261,410110009006,148
1262,410110009008,61
1263,410110009004,329
1264,410110009007,205
1265,410159501002,279
1266,410159502003,369
1267,410159502001,421
1268,410159503012,142
1269,410159503011,396
1270,410390012011,268
1271,410390012013,215
1272,410390031021,268
1273,410390031022,81
1274,410390037002,0
1275,410510090002,419
1276,410510090001,576
1277,410510092022,250
1278,410510093012,332
1279,410510093013,498
1280,410510098011,528
1281,410510084002,611
1282,410510089021,180
1283,410510091012,415
1284,410510091011,621
1285,410510104021,99
1286,410510104022,95
1287,410510104083,165
1288,410510104082,294
1289,410239602002,168
1290,410430308006,317
1291,410430308004,287
1292,410430301005,127
1293,410430301004,162
1294,410579602002,158
1295,410579608003,118
1296,410579608002,132
1297,410579606003,139
1298,410579601002,210
1299,410579601004,145
1300,410579601003,71
1301,410579604005,196
1302,410579604007,132
1303,410579604004,74
1304,410390013011,295
1305,410390018033,242
1306,410390018032,244
1307,410390019041,425
1308,410390020012,173
1309,410390022022,152
1310,410390022023,551
1311,410390038001,314
1312,410390038004,747
1313,410390038005,1018
1314,410430208011,188
1315,410319400002,228
1316,410319400001,190
1317,410319603022,123
1318,410670319123,74
1319,410670319122,54
1320,410670316161,224
1321,410670316162,413
1322,410670316093,111
1323,410670316092,875
1324,410670316094,265
1325,410670315142,139
1326,410670315141,74
1327,410510009022,182
1328,410510009023,146
1329,410510009021,293
1330,410510100012,194
1331,410170011002,28
1332,410170011001,277
1333,410170007002,400
1334,410390052002,134
1335,410390035001,163
1336,410390036001,475
1337,410390036002,34
1338,410510036014,57
1339,410510036013,169
1340,410510036011,26
1341,410510040013,274
1342,410510040014,233
1343,410510052001,454
1344,410510057001,212
1345,410510060011,122
1346,410510065012,224
1347,410659706002,243
1348,410659703002,68
1349,410470103064,160
1350,410470103065,113
1351,410470103061,584
1352,410470103063,123
1353,410470103062,324
1354,410470014021,106
1355,410470014022,227
1356,410470014023,369
1357,410170010014,265
1358,410170010012,477
1359,410170010013,173
1360,410170004011,379
1361,410170004012,263
1362,410470007013,184
1363,410470007012,324
1364,410470005021,240
1365,410470005022,224
1366,410470014012,89
1367,410470025022,292
1368,410470025021,140
1369,410290017004,691
1370,410510029013,163
1371,410510029011,53
1372,410510029012,41
1373,410510036032,107
1374,410510040022,68
1375,410510040023,109
1376,410510040024,122
1377,410510041023,117
1378,410510041022,96
1379,410510045001,327
1380,410510028023,92
1381,410510028022,38
1382,410510036021,49
1383,410510036022,83
1384,410510051001,1450
1385,410510051002,1113
1386,410510086001,210
1387,410510086002,339
1388,410510071001,87
1389,410510080012,346
1390,410510085001,357
1391,410670306002,366
1392,410510100013,900
1393,410510004012,37
1394,410510004014,53
1395,410510004011,95
1396,410510004013,97
1397,410510041014,379
1398,410510041011,77
1399,410510041013,400
1400,410510041012,96
1401,410510056001,760
1402,410510056003,409
1403,410670324041,59
1404,410670314021,338
1405,410670314043,196
1406,410670314044,51
1407,410670315081,61
1408,410670315082,8
1409,410670315112,42
1410,410670318061,141
1411,410670318063,65
1412,410670322004,73
1413,410670322002,126
1414,410670322003,85
1415,410670313001,529
1416,410159504004,192
1417,410159503023,353
1418,410510082012,91
1419,410510096031,241
1420,410510102001,189
1421,410619708001,210
1422,410619708004,115
1423,410619706002,105
1424,410430203004,155
1425,410430203001,49
1426,410430203002,233
1427,410430204002,253
1428,410430204004,334
1429,410670318152,317
1430,410470027001,195
1431,410050205011,164
1432,410050207002,113
1433,410050207001,65
1434,410050225001,288
1435,410050225002,324
1436,410050225004,102
1437,410050225003,213
1438,410050234012,234
1439,410050234011,228
1440,410050234013,79
1441,410050241003,173
1442,410050241001,106
1443,410050206001,166
1444,410050206003,255
1445,410050203031,229
1446,410050208002,166
1447,410050208003,356
1448,410050221012,110
1449,410050221011,226
1450,410359716002,287
1451,410359716003,417
1452,410359712003,161
1453,410359712002,190
1454,410359713006,160
1455,410359713003,317
1456,410359713001,153
1457,410359713005,279
1458,410359709002,354
1459,410359709001,174
1460,410359719001,158
1461,410359719004,337
1462,410510042002,435
1463,410510047003,518
1464,410510047002,274
1465,410510047001,127
1466,410510065022,230
1467,410510065021,467
1468,410510068021,24
1469,410510068022,245
1470,410510075001,171
1471,410510075003,253
1472,410510075002,79
1473,410510078001,214
1474,410510078002,91
1475,410510088001,248
1476,410510088002,191
1477,410510092013,550
1478,410510098041,270
1479,410510099031,55
1480,410670316174,46
1481,410670316173,111
1482,410670316172,130
1483,410670316171,82
1484,410670321101,156
1485,410290004061,606
1486,410290004062,320
1487,410290005021,175
1488,410290005022,604
1489,410290005023,989
1490,410290010022,152
1491,410290010021,289
1492,410290010023,207
1493,410290004041,258
1494,410290004042,231
1495,410290016023,62
1496,410290016025,506
1497,410290016011,814
1498,410290005012,289
1499,410290005011,348
1500,410290004032,71
1501,410290004052,498
1502,410670316141,74
1503,410670324071,172
1504,410670321082,61
1505,410670321083,12
1506,410670333014,62
1507,410390018013,137
1508,410390032023,456
1509,410599400002,329
1510,410050222072,32
1511,410050223011,97
1512,410050223012,128
1513,410050227081,47
1514,410050227082,329
1515,410050223022,314
1516,410050223023,341
1517,410050226053,143
1518,410359719003,90
1519,410359720004,191
1520,410359720001,138
1521,410470002001,110
1522,410470002002,183
1523,410470003003,333
1524,410470003002,197
1525,410470003004,258
1526,410470012002,389
1527,410470009003,110
1528,410110001003,312
1529,410110001004,171
1530,410110001002,179
1531,410110001006,135
1532,410110001001,342
1533,410110001005,163
1534,410510013014,187
1535,410510013012,91
1536,410510013013,69
1537,410510014002,174
1538,410510014001,251
1539,410510014005,84
1540,410510014003,124
1541,410510014004,50
1542,410510025024,118
1543,410510025023,371
1544,410510027013,11
1545,410510027011,40
1546,410510013011,110
1547,410510037011,186
1548,410510039024,28
1549,410510039022,146
1550,410510039023,52
1551,410510048002,478
1552,410510049002,497
1553,410510067022,108
1554,410510105004,131
1555,410510105002,69
1556,410510105003,78
1557,410510095023,425
1558,410510095021,42
1559,410510104072,334
1560,410510104073,112
1561,410510020004,256
1562,410510020003,358
1563,410670317032,133
1564,410670313002,363
1565,410670320012,26
1566,410510020002,77
1567,410510031001,136
1568,410510031004,40
1569,410510046021,67
1570,410510069001,62
1571,410510030002,100
1572,410510030004,54
1573,410510030003,27
1574,410510083012,456
1575,410510100011,379
1576,410670335002,109
1577,410670304012,243
1578,410670305021,187
1579,410670312001,270
1580,410510103053,74
1581,410510103052,47
1582,410510103051,251
1583,410510097022,299
1584,410510097021,328
1585,410510097024,465
1586,410510097023,127
1587,410510098031,338
1588,410510098032,233
1589,410510103041,306
1590,410510103042,151
1591,410510074001,330
1592,410670304021,147
1593,410670305013,382
1594,410670305011,161
1595,410390038003,750
1596,410390042003,389
1597,410390042002,246
1598,410390042001,431
1599,410050226051,248
1600,410050227072,529
1601,410510082011,289
1602,410510038031,70
1603,410510046012,133
1604,410510046011,100
1605,410510063003,119
1606,410510102002,587
1607,410510032002,101
1608,410510032004,59
1609,410510033021,118
1610,410510034014,238
1611,410510034011,53
1612,410510034012,87
1613,410510003023,48
1614,410170007003,112
1615,410170008004,141
1616,410170008001,426
1617,410170008002,331
1618,410170008003,138
1619,410290009004,639
1620,410290014003,684
1621,410670321102,36
1622,410670321091,25
1623,410670321092,30
1624,410670320033,146
1625,410670320031,468
1626,410670320032,469
1627,410670320042,124
1628,410670320041,89
1629,410670319101,131
1630,410670319102,54
1631,410670308051,55
1632,410670308053,440
1633,410670319071,101
1634,410670319075,294
1635,410170009002,188
1636,410170009003,282
1637,410170018002,186
1638,410170018003,523
1639,410670305012,167
1640,410670307002,191
1641,410670315041,110
1642,410670315042,107
1643,410670315061,68
1644,410670315062,356
1645,410670317052,338
1646,410670317053,228
1647,410390010012,167
1648,410390010011,150
1649,410390010021,106
1650,410390010023,95
1651,410390018042,302
1652,410390019022,85
1653,410390022011,80
1654,410390022012,443
1655,410390004041,97
1656,410390004043,213
1657,410390007021,310
1658,410390009023,208
1659,410390009021,128
1660,410459703001,148
1661,410459703003,131
1662,410459703005,269
1663,410459704004,152
1664,410459704005,132
1665,410390046002,231
1666,410390046003,70
1667,410390051001,450
1668,410390051002,348
1669,410639602001,333
1670,410639602002,100
1671,410639603001,152
1672,410639603004,161
1673,410639603003,298
1674,410639603002,71
1675,410670327002,216
1676,410670327003,223
1677,410670318042,316
1678,410670321041,42
1679,410510050001,483
1680,410510061001,55
1681,410510062001,48
1682,410510066011,171
1683,410510104052,131
1684,410510104053,416
1685,410159503022,211
1686,410159503021,241
1687,410219601002,136
1688,410219601003,115
1689,410279501003,129
1690,410279501001,204
1691,410279502003,91
1692,410279502005,101
1693,410279503003,205
1694,410279503001,121
1695,410279503002,238
1696,410279503005,139
1697,410279504001,129
1698,410279504002,131
1699,410030010013,307
1700,410030010011,263
1701,410030011023,197
1702,410030011024,388
1703,410170001001,177
1704,410170002002,346
1705,410170002001,423
1706,410170003003,151
1707,410170003001,384
1708,410170003002,474
1709,410170005003,78
1710,410170005001,240
1711,410170006003,131
1712,410390007051,215
1713,410390007052,635
1714,410390025031,430
1715,410390025034,42
1716,410390025033,264
1717,410390044043,189
1718,410390044041,88
1719,410319602021,205
1720,410670310043,47
1721,410670310042,92
1722,410670310041,136
1723,410670311001,439
1724,410670311002,182
1725,410670314031,76
1726,410670314032,277
1727,410670314033,128
1728,410670315071,135
1729,410670315072,81
1730,410670315073,390
1731,410470004003,280
1732,410470016025,388
1733,410390031024,671
1734,410050205013,96
1735,410050205042,160
1736,410050205041,9
1737,410050207003,67
1738,410050211004,280
1739,410050215002,368
1740,410170013001,915
1741,410170013002,375
1742,410170013005,120
1743,410170013004,87
1744,410170014001,615
1745,410170014003,31
1746,410170015003,435
1747,410170015005,253
1748,410170015001,119
1749,410170017003,193
1750,410170017001,446
1751,410619702001,158
1752,410619702003,208
1753,410619705002,197
1754,410619705001,187
1755,410619701001,112
1756,410619701004,79
1757,410619701002,313
1758,410430305002,302
1759,410430305001,133
1760,410430207003,324
1761,410430207001,369
1762,410430207002,208
1763,410190800003,85
1764,410190800001,657
1765,410191400001,151
1766,410191400002,226
1767,410191400005,256
1768,410191400004,304
1769,410191400003,482
1770,410191600005,246
1771,410191600001,340
1772,410191600003,325
1773,410191600004,235
1774,410191900003,169
1775,410191900001,569
1776,410190200004,107
1777,410190200003,320
1778,410191100001,145
1779,410191100003,103
1780,410192100001,127
1781,410430302005,169
1782,410430302006,158
1783,410430302002,195
1784,410430303003,74
1785,410430303001,131
1786,410430304015,98
1787,410430304012,268
1788,410470009004,174
1789,410470009001,309
1790,410470009002,96
1791,410470009006,125
1792,410470009007,160
1793,410470009005,83
1794,410470015021,364
1795,410470015022,226
1796,410470015023,97
1797,410239601002,65
1798,410239601001,192
1799,410239601003,144
1800,410319601002,169
1801,410319601001,54
1802,410530052023,212
1803,410530052022,565
1804,410530053002,162
1805,410530053004,54
1806,410530053003,372
1807,410670314042,44
1808,410159504001,410
1809,410430204001,124
1810,410290016021,235
1811,410670326034,148
1812,410050226031,425
1813,410191500001,478
1814,410510035021,135
1815,410050235003,148
1816,410290006021,555
1817,410470018025,215
1818,410050243022,85
1819,410530205001,142
1820,410710306022,191
1821,410333616004,312
1822,410470011002,235
1823,410079505002,127
1824,410510028012,141
1825,410510012013,161
1826,410059800001,0
1827,410030109002,308
1828,410390044052,139
1829,410050226022,136
1830,410333603001,158
1831,410470027002,93
1832,410419510001,189
1833,410050201003,92
1834,410599505004,66
1835,410670315143,379
1836,410670318142,147
1837,410079511002,94
1838,410030109001,200
1839,410050217003,679
1840,410170007004,261
1841,410359716004,276
1842,410359719005,81
1843,410510037012,273
1844,410510038032,259
1845,410170009004,390
1846,410170005004,356
1847,410579607003,113
1848,410530202021,279
1849,410139501002,271
1850,410659702001,124
1851,410110008001,139
1852,410259601002,228
1853,410510099061,177
1854,410710305021,307
1855,410470016033,87
1856,410510059004,320
1857,410390019031,274
1858,410110010003,352
1859,410050239021,362
1860,410670329012,319
1861,410670310052,211
1862,410390032021,190
1863,410390054002,88
1864,410390024032,153
1865,410510098012,464
1866,410470025013,488
1867,410190500023,457
1868,410430309024,101
1869,410430304022,429
1870,410159501003,320
1871,410390035002,179
1872,410659704002,403
1873,410192000003,361
1874,410390046001,213
1875,410191500002,432
1876,410470027003,90
1877,410530202023,608
1878,410470016041,433
1879,410290030014,132
1880,410599501002,79
1881,410510092012,440
1882,410510031003,61
1883,410670305022,156
1884,410670315044,287
1885,410390019021,514
1886,410459704001,266
1887,410499702005,79
1888,410510003011,190
1889,410510081003,345
1890,410510008013,173
1891,410510083021,344
1892,410670317046,133
1893,410579603002,283
1894,410510027021,304
1895,410170012004,336
1896,410430301001,175
1897,410050237004,123
1898,410050205032,80
1899,410290013012,32
1900,410290026002,255
1901,410359714001,156
1902,410050219001,415
1903,410019502002,212
1904,410390013013,111
1905,410470014013,283
1906,410510041021,155
1907,410510085002,176
1908,410510062003,59
1909,410279502001,174
1910,410170012001,110
1911,410170017004,197
1912,410030001004,353
1913,410390009034,82
1914,410670308011,241
1915,410390003001,189
1916,410390030001,75
1917,410510018013,297
1918,410670329022,379
1919,410510006012,137
1920,410110005041,291
1921,410050227101,332
1922,410670318151,70
1923,410290013024,549
1924,410290013022,102
1925,410290022001,162
1926,410290030012,220
1927,410290030013,243
1928,410290006012,93
1929,410050240001,164
1930,410050218021,414
1931,410599513003,169
1932,410599501003,79
1933,410599501004,152
1934,410599511001,77
1935,410599511002,335
1936,410599512004,125
1937,410599512001,274
1938,410419518003,179
1939,410470107023,377
1940,410470108013,132
1941,410050216014,87
1942,410050236003,186
1943,410050236002,172
1944,410050243021,111
1945,410050212002,49
1946,410050224003,56
1947,410359717001,272
1948,410359717004,155
1949,410359710002,147
1950,410639601001,360
1951,410670327001,65
1952,410670318041,56
1953,410510061002,188
1954,410510062002,38
1955,410510066012,34
1956,410510104051,195
1957,410219601001,143
1958,410279501002,82
1959,410279501004,121
1960,410279502004,221
1961,410279502002,60
1962,410279503006,317
1963,410279503004,99
1964,410279504004,34
1965,410030010012,464
1966,410050205012,374
1967,410050205043,274
1968,410050212003,362
1969,410170012003,205
1970,410510098042,146
1971,410510095022,41
1972,410510104071,170
1973,410510020001,315
1974,410670317031,108
1975,410670320011,409
1976,410510020005,288
1977,410510031002,84
1978,410510046022,31
1979,410510069002,48
1980,410510030001,48
1981,410510083011,504
1982,410670335001,62
1983,410670304011,208
1984,410670305023,171
1985,410670305014,49
1986,410670307001,192
1987,410670315043,210
1988,410670316121,337
1989,410670316091,135
1990,410670317051,133
1991,410390010022,353
1992,410390018041,94
1993,410390019023,347
1994,410390019024,121
1995,410390004042,99
1996,410390007022,167
1997,410390009024,209
1998,410390009022,67
1999,410459703002,145
2000,410459704003,186
2001,410459704002,242
2002,410333610001,183
2003,410333616003,296
2004,410333616006,284
2005,410333608001,262
2006,410333605003,650
2007,410419504002,557
2008,410530203021,113
2009,410530203025,417
2010,410710304003,66
2011,410710304004,119
2012,410710307011,423
2013,410710305022,288
2014,410710305024,144
2015,410710309001,227
2016,410470107014,384
2017,410470015032,397
2018,410470016014,80
2019,410470016013,318
2020,410470016032,138
2021,410470016034,150
2022,410619706003,156
2023,410430307002,103
2024,410430306001,130
2025,410510059002,110
2026,410510059003,45
2027,410333605001,154
2028,410359702003,500
2029,410359708002,115
2030,410470105022,337
2031,410470017022,289
2032,410470011001,100
2033,410470006002,392
2034,410470017012,488
2035,410470017031,76
2036,410470024002,276
2037,410470103041,193
2038,410470104001,82
2039,410079512002,179
2040,410079513002,127
2041,410079505003,272
2042,410079502004,126
2043,410079503002,0
2044,410079503003,368
2045,410079506002,121
2046,410079509006,158
2047,410079509005,119
2048,410510028011,107
2049,410510005024,201
2050,410510005023,62
2051,410510008021,122
2052,410510010001,120
2053,410510010005,172
2054,410510012011,169
2055,410510012023,102
2056,410290013014,284
2057,410290021001,372
2058,410290029004,391
2059,410290029003,256
2060,410290018004,712
2061,410290020001,332
2062,410290026001,284
2063,410290028002,407
2064,410290008002,459
2065,410290007003,26
2066,410190500013,264
2067,410191800002,151
2068,410191800003,110
2069,410359714005,173
2070,410359714004,152
2071,410359715003,138
2072,410359718002,155
2073,410030102001,170
2074,410030011014,134
2075,410670317045,104
2076,410670317043,74
2077,410030011013,158
2078,410099702002,291
2079,410099708001,437
2080,410099703005,231
2081,410099703001,142
2082,410390021021,708
2083,410579603001,218
2084,410510091023,146
2085,410390031013,393
2086,410050221014,108
2087,410050227024,58
2088,410510098033,178
2089,410170020003,452
2090,410170021001,223
2091,410170016003,479
2092,410170011003,716
2093,410170007001,137
2094,410670333011,332
2095,410050241002,176
2096,410050206002,138
2097,410050203032,193
2098,410050208001,330
2099,410359708001,250
2100,410359716001,182
2101,410359712001,335
2102,410359713002,144
2103,410359713004,56
2104,410170013003,246
2105,410170014002,174
2106,410170015004,182
2107,410170015002,289
2108,410170017002,516
2109,410170020004,289
2110,410619702002,192
2111,410619705003,208
2112,410619701003,105
2113,410619704003,213
2114,410099703002,126
2115,410099707002,116
2116,410510056002,184
2117,410670324043,79
2118,410670314041,218
2119,410510034021,192
2120,410510035013,80
2121,410390001005,129
2122,410390001002,134
2123,410390005001,192
2124,410390008001,69
2125,410390019032,153
2126,410390040001,591
2127,410390044013,31
2128,410390044012,338
2129,410110007002,146
2130,410110007005,80
2131,410110010002,470
2132,410110010005,218
2133,410110010004,337
2134,410670315092,34
2135,410290010013,403
2136,410290007004,190
2137,410050239023,196
2138,410670319042,115
2139,410670315123,252
2140,410499702004,73
2141,410499702003,205
2142,410670313003,309
2143,410510103063,137
2144,410050205052,54
2145,410050204032,101
2146,410050221053,132
2147,410050221082,436
2148,410050222062,263
2149,410050222082,75
2150,410670319074,205
2151,410670318131,230
2152,410390023022,88
2153,410390007082,158
2154,410390007071,402
2155,410390025042,419
2156,410390044051,224
2157,410579602003,141
2158,410510095011,398
2159,410510094001,350
2160,410619703001,111
2161,410619707002,181
2162,410670324061,140
2163,410510019003,31
2164,410510019002,40
2165,410510025013,55
2166,410510025012,53
2167,410510026001,20
2168,410510029025,86
2169,410510029023,119
2170,410050203033,221
2171,410459709003,134
2172,410050229053,222
2173,410050230022,313
2174,410699601002,214
2175,410670312003,633
2176,410459400001,0
2177,410459709002,116
2178,410430208022,208
2179,410430208012,414
2180,410050239011,461
2181,410470011003,325
2182,410470020004,631
2183,410050203043,280
2184,410470022023,327
2185,410470021011,486
2186,410470025011,272
2187,410470023043,546
2188,410470102022,300
2189,410470102024,218
2190,410470103073,396
2191,410470022011,142
2192,410670315083,207
2193,410670315111,150
2194,410670318062,257
2195,410670322001,186
2196,410670332001,167
2197,410050210002,268
2198,410050215001,288
2199,410050226021,80
2200,410050227023,80
2201,410419510002,342
2202,410359706001,262
2203,410359709003,348
2204,410359719002,244
2205,410359720002,130
2206,410359720003,181
2207,410470002003,330
2208,410470003001,265
2209,410470012001,343
2210,410510025022,160
2211,410510025021,43
2212,410510027012,60
2213,410510037014,76
2214,410510039021,52
2215,410510048001,230
2216,410510049001,471
2217,410510067021,306
2218,410510105001,69
2219,410510082013,93
2220,410510038033,210
2221,410510063002,56
2222,410510032003,39
2223,410510032001,171
2224,410510033022,310
2225,410510034013,47
2226,410510003021,64
2227,410670320053,463
2228,410670308052,207
2229,410670319072,116
2230,410170009001,531
2231,410170018001,734
2232,410170018004,611
2233,410170002003,332
2234,410170002004,274
2235,410170003004,265
2236,410170005005,174
2237,410159504003,304
2238,410159504002,507
2239,410510096032,388
2240,410619708003,263
2241,410619708002,236
2242,410430203005,105
2243,410430203003,294
2244,410430204003,393
2245,410430305003,155
2246,410290016024,76
2247,410290016022,568
2248,410290016012,440
2249,410290004031,465
2250,410670316142,258
2251,410670324072,142
2252,410670321081,48
2253,410519800001,0
2254,410599400001,89
2255,410050222071,126
2256,410050223013,182
2257,410050223021,42
2258,410050226061,237
2259,410050226052,205
2260,410030001002,504
2261,410030006001,639
2262,410390047002,71
2263,410390050004,197
2264,410390050002,275
2265,410390044033,236
2266,410390048002,150
2267,410390009032,177
2268,410390013023,258
2269,410390013021,247
2270,410390016005,137
2271,410390021012,422
2272,410670334001,62
2273,410670302001,202
2274,410670308012,16
2275,410670316111,151
2276,410510017011,48
2277,410099706002,99
2278,410099706004,138
2279,410099709003,397
2280,410419512001,220
2281,410470101001,58
2282,410050221031,273
2283,410050229011,170
2284,410050235004,57
2285,410050238004,163
2286,410390049002,413
2287,410390003002,181
2288,410390011012,262
2289,410390011022,339
2290,410390014001,242
2291,410390017002,135
2292,410390024012,127
2293,410190500022,154
2294,410191000001,162
2295,410191200003,251
2296,410191200006,81
2297,410190900004,286
2298,410190900003,479
2299,410430309021,86
2300,410430309034,194
2301,410430309032,314
2302,410430309042,433
2303,410430201002,235
2304,410430206001,520
2305,410430206005,142
2306,410430304024,272
2307,410430304023,228
2308,410430308003,235
2309,410191300004,285
2310,410110009003,340
2311,410110009005,178
2312,410159501001,215
2313,410670310053,133
2314,410419515001,251
2315,410419513001,201
2316,410030005003,158
2317,410030009002,130
2318,410030009001,83
2319,410030010022,291
2320,410390025012,219
2321,410050238002,138
2322,410050216011,91
2323,410359701002,338
2324,410290030021,240
2325,410290025003,59
2326,410290009003,85
2327,410290014002,306
2328,410290023001,83
2329,410290002012,313
2330,410290015003,112
2331,410192000001,170
2332,410239602003,375
2333,410239602001,117
2334,410430308001,116
2335,410430308005,278
2336,410430301002,140
2337,410579608001,251
2338,410579606001,84
2339,410579606002,144
2340,410579601001,180
2341,410579604002,407
2342,410390013012,312
2343,410390018031,207
2344,410390019042,416
2345,410390020011,414
2346,410170005002,47
2347,410390007053,407
2348,410390025032,392
2349,410390044042,139
2350,410319603021,62
2351,410159502002,388
2352,410159503013,262
2353,410390012012,163
2354,410390031023,968
2355,410390027001,309
2356,410390032011,170
2357,410390012021,263
2358,410390015003,162
2359,410390018012,248
2360,410390054003,244
2361,410390054004,60
2362,410390043003,281
2363,410510038011,188
2364,410390002001,79
2365,410390002003,75
2366,410390026002,329
2367,410390004032,201
2368,410390009042,490
2369,410390020021,215
2370,410390024031,178
2371,410510073001,75
2372,410510089013,108
2373,410510090003,712
2374,410510092021,462
2375,410530052024,339
2376,410530052021,420
2377,410530053001,126
2378,410579604006,107
2379,410579605002,185
2380,410579607001,242
2381,410710305012,133
2382,410710307022,209
2383,410710310002,277
2384,410710302011,248
2385,410470105031,148
2386,410470107013,89
2387,410530202022,246
2388,410530052012,412
2389,410390029022,201
2390,410390030003,158
2391,410191600002,580
2392,410191900002,272
2393,410190200002,217
2394,410190200001,139
2395,410191100002,169
2396,410191500003,198
2397,410430302003,80
2398,410430302001,155
2399,410430302004,141
2400,410430303002,119
2401,410430304013,220
2402,410290017001,391
2403,410290019001,446
2404,410290001002,364
2405,410050224002,115
2406,410050237003,165
2407,410191800005,134
2408,410190800002,228
2409,410050209001,100
2410,410050216022,94
2411,410050202001,99
2412,410670310032,212
2413,410670310063,148
2414,410670317061,503
2415,410670316102,242
2416,410670321043,30
2417,410670324101,105
2418,410390037001,542
2419,410390052001,129
2420,410390035003,104
2421,410390036003,206
2422,410510036012,258
2423,410390022021,355
2424,410390038002,353
2425,410470005023,616
2426,410470014011,192
2427,410470025023,245
2428,410510008012,76
2429,410510029014,282
2430,410510036031,130
2431,410510040021,75
2432,410510041024,158
2433,410510043001,142
2434,410510028021,32
2435,410510036023,162
2436,410510036024,193
2437,410510060021,148
2438,410510071002,97
2439,410510080011,129
2440,410670306001,308
2441,410510040012,120
2442,410510040011,648
2443,410510052002,505
2444,410510060012,23
2445,410659706001,93
2446,410659703001,78
2447,410470007011,585
2448,410510092023,223
2449,410510093011,301
2450,410510084001,344
2451,410510089022,362
2452,410510104023,203
2453,410510104081,177
2454,410599502007,144
2455,410470108021,168
2456,410470108023,184
2457,410470018011,366
2458,410050228002,220
2459,410050232021,19
2460,410050232023,360
2461,410019503001,155
2462,410019501002,118
2463,410019504002,162
2464,410019506003,221
2465,410019506002,149
2466,410019502001,100
2467,410333611002,633
2468,410333613002,327
2469,410470016043,201
2470,410470013002,337
2471,410470015012,55
2472,410470016023,248
2473,410470018021,66
2474,410470018024,163
2475,410470023012,58
2476,410499701004,171
2477,410379602001,74
2478,410379602007,225
2479,410379602006,109
2480,410510003013,220
2481,410530202043,283
2482,410530051002,206
2483,410470105014,85
2484,410139501001,118
2485,410139502001,126
2486,410139502003,316
2487,410139503003,429
2488,410139503001,165
2489,410659702002,176
2490,410659705001,136
2491,410659707001,70
2492,410659704001,311
2493,410390039002,907
2494,410110011004,216
2495,410110011007,294
2496,410110006003,197
2497,410110008002,319
2498,410510064021,95
2499,410510070001,88
2500,410510072011,140
2501,410030106002,316
2502,410510104084,230
2503,410259602002,143
2504,410259601001,251
2505,410670313004,301
2506,410390029032,140
2507,410390023011,574
2508,410390045012,198
2509,410510099042,297
2510,410430304014,228
2511,410430307001,41
2512,410510035022,99
2513,410670318053,28
2514,410670318052,28
2515,410670326032,59
2516,410670325032,161
2517,410530203043,625
2518,410530203031,436
2519,410530205003,268
2520,410510064031,58
2521,410510104102,457
2522,410710307013,167
2523,410710301022,208
2524,410710306021,188
2525,410710306013,80
2526,410710301012,133
2527,410710303013,93
2528,410079900000,0
2529,410670310044,514
2530,410333611004,621
2531,410050202003,132
2532,410050205031,90
2533,410599503001,63
2534,410599504002,125
2535,410599504004,16
2536,410599506005,253
2537,410510002002,346
2538,410510002001,160
2539,410510004021,187
2540,410510015001,120
2541,410510100021,336
2542,410510077001,206
2543,410510081001,509
2544,410510087002,204
2545,410459707001,303
2546,410510001004,172
2547,410510006024,86
2548,410510008011,185
2549,410510007013,188
2550,410510007014,140
2551,410510016021,187
2552,410510072021,309
2553,410510079002,297
2554,410510082023,248
2555,410510093021,429
2556,410510097011,608
2557,410510103031,366
2558,410510001003,47
2559,410670326061,135
2560,410390028002,219
2561,410390028003,200
2562,410050213003,59
2563,410050204014,154
2564,410050204011,27
2565,410333614001,236
2566,410333607013,257
2567,410333603002,267
2568,410333604001,223
2569,410333612004,124
2570,410510099062,67
2571,410510106001,428
2572,410510023032,527
2573,410510022033,118
2574,410710307024,283
2575,410710308023,115
2576,410510018022,228
2577,410510021001,347
2578,410510024022,224
2579,410510029033,204
2580,410510033013,220
2581,410510037021,32
2582,410510038013,152
2583,410670317041,91
2584,410510101004,309
2585,410510103062,205
2586,410510104092,80
2587,410333612002,362
2588,410333609002,131
2589,410333606005,246
2590,410333606004,347
2591,410470027004,43
2592,410199900000,0
2593,410670315131,94
2594,410670301012,164
2595,410670301022,60
2596,410670316153,134
2597,410670324082,141
2598,410670326101,72
2599,410670318141,58
2600,410670323001,349
2601,410670326062,374
2602,410079501002,137
2603,410079507002,139
2604,410079504002,198
2605,410079511004,115
2606,410110002003,71
2607,410670331022,169
2608,410670319111,343
2609,410390045022,305
2610,410510048003,260
2611,410510052004,286
2612,410510056004,199
2613,410510016011,73
2614,410510016015,173
2615,410510006014,166
2616,410510006013,113
2617,410510009013,67
2618,410390024033,140
2619,410419506011,89
2620,410110005044,123
2621,410119901010,0
2622,410390033011,219
2623,410050229072,220
2624,410419506021,277
2625,410419503042,180
2626,410050229061,386
2627,410670319091,141
2628,410670319121,97
2629,410670324091,358
2630,410670333022,163
2631,410670324065,140
2632,410510088003,87
2633,410510092011,387
