grid_point,hhinc_low,x,y
0,307,7369621.0722,564893.7969
1,307,7369621.0722,554333.7969
2,307,7369621.0722,543773.7969
3,307,7369621.0722,533213.7969
4,307,7380181.0722,564893.7969
5,307,7380181.0722,554333.7969
6,307,7380181.0722,543773.7969
7,307,7380181.0722,533213.7969
8,234,7380181.0722,522653.79689999996
9,307,7390741.0722,564893.7969
10,307,7390741.0722,554333.7969
11,307,7390741.0722,543773.7969
12,307,7390741.0722,533213.7969
13,234,7390741.0722,522653.79689999996
14,234,7390741.0722,512093.79689999996
15,307,7401301.0722,564893.7969
16,307,7401301.0722,554333.7969
17,307,7401301.0722,543773.7969
18,307,7401301.0722,533213.7969
19,234,7401301.0722,522653.79689999996
20,234,7401301.0722,512093.79689999996
21,234,7401301.0722,501533.79689999996
22,116,7401301.0722,490973.79689999996
23,307,7411861.0722,575453.7969
24,307,7411861.0722,564893.7969
25,307,7411861.0722,554333.7969
26,307,7411861.0722,543773.7969
27,307,7411861.0722,533213.7969
28,234,7411861.0722,522653.79689999996
29,234,7411861.0722,512093.79689999996
30,234,7411861.0722,501533.79689999996
31,116,7411861.0722,490973.79689999996
32,307,7422421.0722,575453.7969
33,307,7422421.0722,564893.7969
34,307,7422421.0722,554333.7969
35,307,7422421.0722,543773.7969
36,307,7422421.0722,533213.7969
37,223,7422421.0722,522653.79689999996
38,234,7422421.0722,512093.79689999996
39,234,7422421.0722,501533.79689999996
40,116,7422421.0722,490973.79689999996
41,133,7432981.0722,575453.7969
42,133,7432981.0722,564893.7969
43,133,7432981.0722,554333.7969
44,133,7432981.0722,543773.7969
45,288,7432981.0722,533213.7969
46,223,7432981.0722,522653.79689999996
47,234,7432981.0722,512093.79689999996
48,116,7432981.0722,501533.79689999996
49,116,7432981.0722,490973.79689999996
50,119,7443541.0722,607133.7969
51,133,7443541.0722,596573.7969
52,133,7443541.0722,586013.7969
53,133,7443541.0722,575453.7969
54,133,7443541.0722,564893.7969
55,133,7443541.0722,554333.7969
56,211,7443541.0722,543773.7969
57,144,7443541.0722,533213.7969
58,223,7443541.0722,522653.79689999996
59,223,7443541.0722,512093.79689999996
60,116,7443541.0722,501533.79689999996
61,116,7443541.0722,490973.79689999996
62,119,7454101.0722,607133.7969
63,167,7454101.0722,596573.7969
64,133,7454101.0722,586013.7969
65,133,7454101.0722,575453.7969
66,133,7454101.0722,564893.7969
67,133,7454101.0722,554333.7969
68,133,7454101.0722,543773.7969
69,144,7454101.0722,533213.7969
70,142,7454101.0722,522653.79689999996
71,142,7454101.0722,512093.79689999996
72,116,7454101.0722,501533.79689999996
73,242,7454101.0722,490973.79689999996
74,62,7464661.0722,733853.7969
75,119,7464661.0722,607133.7969
76,167,7464661.0722,596573.7969
77,167,7464661.0722,586013.7969
78,167,7464661.0722,575453.7969
79,167,7464661.0722,564893.7969
80,167,7464661.0722,554333.7969
81,167,7464661.0722,543773.7969
82,167,7464661.0722,533213.7969
83,142,7464661.0722,522653.79689999996
84,142,7464661.0722,512093.79689999996
85,142,7464661.0722,501533.79689999996
86,55,7475221.0722,733853.7969
87,76,7475221.0722,670493.7969
88,76,7475221.0722,659933.7969
89,119,7475221.0722,607133.7969
90,167,7475221.0722,564893.7969
91,167,7475221.0722,554333.7969
92,167,7475221.0722,543773.7969
93,167,7475221.0722,533213.7969
94,142,7475221.0722,522653.79689999996
95,142,7475221.0722,512093.79689999996
96,142,7475221.0722,501533.79689999996
97,55,7485781.0722,733853.7969
98,55,7485781.0722,723293.7969
99,55,7485781.0722,712733.7969
100,76,7485781.0722,670493.7969
101,76,7485781.0722,659933.7969
102,46,7485781.0722,649373.7969
103,46,7485781.0722,628253.7969
104,119,7485781.0722,607133.7969
105,167,7485781.0722,554333.7969
106,167,7485781.0722,543773.7969
107,167,7485781.0722,533213.7969
108,142,7485781.0722,522653.79689999996
109,142,7485781.0722,512093.79689999996
110,142,7485781.0722,501533.79689999996
111,62,7496341.0722,733853.7969
112,55,7496341.0722,723293.7969
113,55,7496341.0722,712733.7969
114,55,7496341.0722,702173.7969
115,76,7496341.0722,659933.7969
116,46,7496341.0722,638813.7969
117,46,7496341.0722,628253.7969
118,46,7496341.0722,617693.7969
119,119,7496341.0722,607133.7969
120,119,7496341.0722,596573.7969
121,277,7496341.0722,554333.7969
122,277,7496341.0722,543773.7969
123,277,7496341.0722,533213.7969
124,142,7496341.0722,522653.79689999996
125,142,7496341.0722,512093.79689999996
126,142,7496341.0722,501533.79689999996
127,163,7506901.0722,723293.7969
128,55,7506901.0722,712733.7969
129,55,7506901.0722,702173.7969
130,55,7506901.0722,691613.7969
131,76,7506901.0722,659933.7969
132,173,7506901.0722,638813.7969
133,173,7506901.0722,628253.7969
134,119,7506901.0722,617693.7969
135,119,7506901.0722,607133.7969
136,207,7506901.0722,596573.7969
137,277,7506901.0722,554333.7969
138,251,7506901.0722,543773.7969
139,251,7506901.0722,533213.7969
140,142,7506901.0722,522653.79689999996
141,142,7506901.0722,512093.79689999996
142,142,7506901.0722,501533.79689999996
143,89,7517461.0722,744413.7969
144,109,7517461.0722,723293.7969
145,163,7517461.0722,712733.7969
146,163,7517461.0722,702173.7969
147,55,7517461.0722,691613.7969
148,62,7517461.0722,681053.7969
149,62,7517461.0722,670493.7969
150,189,7517461.0722,659933.7969
151,173,7517461.0722,649373.7969
152,173,7517461.0722,638813.7969
153,173,7517461.0722,628253.7969
154,173,7517461.0722,617693.7969
155,207,7517461.0722,607133.7969
156,207,7517461.0722,596573.7969
157,277,7517461.0722,554333.7969
158,251,7517461.0722,543773.7969
159,251,7517461.0722,533213.7969
160,126,7517461.0722,522653.79689999996
161,126,7517461.0722,512093.79689999996
162,126,7517461.0722,501533.79689999996
163,276,7517461.0722,448733.79689999996
164,89,7528021.0722,733853.7969
165,109,7528021.0722,723293.7969
166,189,7528021.0722,670493.7969
167,189,7528021.0722,659933.7969
168,173,7528021.0722,649373.7969
169,173,7528021.0722,638813.7969
170,173,7528021.0722,628253.7969
171,173,7528021.0722,617693.7969
172,173,7528021.0722,607133.7969
173,207,7528021.0722,596573.7969
174,409,7528021.0722,586013.7969
175,213,7528021.0722,564893.7969
176,251,7528021.0722,554333.7969
177,213,7528021.0722,543773.7969
178,251,7528021.0722,533213.7969
179,126,7528021.0722,522653.79689999996
180,54,7528021.0722,512093.79689999996
181,54,7528021.0722,501533.79689999996
182,54,7528021.0722,490973.79689999996
183,276,7528021.0722,469853.79689999996
184,276,7528021.0722,459293.79689999996
185,77,7528021.0722,448733.79689999996
186,77,7528021.0722,438173.79689999996
187,89,7538581.0722,754973.7969
188,62,7538581.0722,744413.7969
189,62,7538581.0722,733853.7969
190,109,7538581.0722,723293.7969
191,136,7538581.0722,712733.7969
192,136,7538581.0722,702173.7969
193,189,7538581.0722,670493.7969
194,189,7538581.0722,659933.7969
195,96,7538581.0722,649373.7969
196,70,7538581.0722,638813.7969
197,70,7538581.0722,628253.7969
198,173,7538581.0722,617693.7969
199,49,7538581.0722,607133.7969
200,49,7538581.0722,596573.7969
201,49,7538581.0722,586013.7969
202,227,7538581.0722,575453.7969
203,213,7538581.0722,564893.7969
204,213,7538581.0722,554333.7969
205,213,7538581.0722,543773.7969
206,213,7538581.0722,533213.7969
207,54,7538581.0722,522653.79689999996
208,140,7538581.0722,512093.79689999996
209,89,7538581.0722,501533.79689999996
210,166,7538581.0722,469853.79689999996
211,242,7538581.0722,459293.79689999996
212,127,7538581.0722,448733.79689999996
213,77,7538581.0722,438173.79689999996
214,92,7538581.0722,427613.79689999996
215,92,7538581.0722,417053.79689999996
216,65,7549141.0722,754973.7969
217,65,7549141.0722,744413.7969
218,62,7549141.0722,733853.7969
219,62,7549141.0722,723293.7969
220,136,7549141.0722,712733.7969
221,136,7549141.0722,702173.7969
222,319,7549141.0722,691613.7969
223,158,7549141.0722,681053.7969
224,148,7549141.0722,670493.7969
225,148,7549141.0722,659933.7969
226,96,7549141.0722,649373.7969
227,70,7549141.0722,638813.7969
228,70,7549141.0722,628253.7969
229,70,7549141.0722,617693.7969
230,93,7549141.0722,607133.7969
231,49,7549141.0722,596573.7969
232,213,7549141.0722,586013.7969
233,58,7549141.0722,575453.7969
234,213,7549141.0722,564893.7969
235,213,7549141.0722,554333.7969
236,213,7549141.0722,543773.7969
237,213,7549141.0722,533213.7969
238,140,7549141.0722,522653.79689999996
239,140,7549141.0722,512093.79689999996
240,176,7549141.0722,501533.79689999996
241,258,7549141.0722,480413.79689999996
242,205,7549141.0722,469853.79689999996
243,298,7549141.0722,459293.79689999996
244,196,7549141.0722,448733.79689999996
245,77,7549141.0722,438173.79689999996
246,132,7549141.0722,427613.79689999996
247,65,7559701.0722,744413.7969
248,65,7559701.0722,733853.7969
249,65,7559701.0722,723293.7969
250,136,7559701.0722,712733.7969
251,136,7559701.0722,702173.7969
252,136,7559701.0722,691613.7969
253,158,7559701.0722,681053.7969
254,148,7559701.0722,670493.7969
255,96,7559701.0722,659933.7969
256,71,7559701.0722,649373.7969
257,71,7559701.0722,638813.7969
258,64,7559701.0722,628253.7969
259,64,7559701.0722,617693.7969
260,75,7559701.0722,607133.7969
261,77,7559701.0722,596573.7969
262,58,7559701.0722,586013.7969
263,58,7559701.0722,575453.7969
264,12,7559701.0722,564893.7969
265,12,7559701.0722,554333.7969
266,12,7559701.0722,543773.7969
267,12,7559701.0722,533213.7969
268,140,7559701.0722,522653.79689999996
269,140,7559701.0722,512093.79689999996
270,140,7559701.0722,501533.79689999996
271,318,7559701.0722,490973.79689999996
272,335,7559701.0722,480413.79689999996
273,366,7559701.0722,469853.79689999996
274,0,7559701.0722,459293.79689999996
275,90,7559701.0722,448733.79689999996
276,90,7559701.0722,438173.79689999996
277,132,7559701.0722,427613.79689999996
278,132,7559701.0722,417053.79689999996
279,223,7570261.0722,754973.7969
280,65,7570261.0722,744413.7969
281,223,7570261.0722,733853.7969
282,65,7570261.0722,723293.7969
283,223,7570261.0722,712733.7969
284,84,7570261.0722,702173.7969
285,102,7570261.0722,691613.7969
286,72,7570261.0722,681053.7969
287,71,7570261.0722,670493.7969
288,71,7570261.0722,659933.7969
289,71,7570261.0722,649373.7969
290,73,7570261.0722,638813.7969
291,73,7570261.0722,628253.7969
292,133,7570261.0722,617693.7969
293,132,7570261.0722,607133.7969
294,133,7570261.0722,596573.7969
295,58,7570261.0722,586013.7969
296,58,7570261.0722,575453.7969
297,12,7570261.0722,564893.7969
298,12,7570261.0722,554333.7969
299,211,7570261.0722,543773.7969
300,211,7570261.0722,533213.7969
301,140,7570261.0722,522653.79689999996
302,292,7570261.0722,512093.79689999996
303,292,7570261.0722,501533.79689999996
304,142,7570261.0722,490973.79689999996
305,142,7570261.0722,480413.79689999996
306,66,7570261.0722,469853.79689999996
307,101,7570261.0722,459293.79689999996
308,195,7570261.0722,448733.79689999996
309,195,7570261.0722,438173.79689999996
310,132,7570261.0722,427613.79689999996
311,110,7570261.0722,417053.79689999996
312,223,7580821.0722,754973.7969
313,223,7580821.0722,744413.7969
314,223,7580821.0722,733853.7969
315,223,7580821.0722,723293.7969
316,223,7580821.0722,712733.7969
317,223,7580821.0722,702173.7969
318,417,7580821.0722,691613.7969
319,142,7580821.0722,681053.7969
320,349,7580821.0722,670493.7969
321,349,7580821.0722,659933.7969
322,349,7580821.0722,649373.7969
323,126,7580821.0722,638813.7969
324,126,7580821.0722,628253.7969
325,133,7580821.0722,617693.7969
326,133,7580821.0722,607133.7969
327,133,7580821.0722,596573.7969
328,12,7580821.0722,586013.7969
329,12,7580821.0722,575453.7969
330,211,7580821.0722,564893.7969
331,211,7580821.0722,554333.7969
332,211,7580821.0722,543773.7969
333,183,7580821.0722,533213.7969
334,292,7580821.0722,522653.79689999996
335,292,7580821.0722,512093.79689999996
336,70,7580821.0722,501533.79689999996
337,72,7580821.0722,490973.79689999996
338,72,7580821.0722,480413.79689999996
339,72,7580821.0722,469853.79689999996
340,101,7580821.0722,459293.79689999996
341,289,7580821.0722,438173.79689999996
342,123,7580821.0722,427613.79689999996
343,87,7591381.0722,744413.7969
344,87,7591381.0722,733853.7969
345,87,7591381.0722,723293.7969
346,34,7591381.0722,712733.7969
347,34,7591381.0722,702173.7969
348,82,7591381.0722,691613.7969
349,258,7591381.0722,681053.7969
350,126,7591381.0722,670493.7969
351,56,7591381.0722,659933.7969
352,349,7591381.0722,649373.7969
353,186,7591381.0722,638813.7969
354,186,7591381.0722,628253.7969
355,216,7591381.0722,617693.7969
356,133,7591381.0722,607133.7969
357,133,7591381.0722,596573.7969
358,102,7591381.0722,586013.7969
359,102,7591381.0722,575453.7969
360,211,7591381.0722,564893.7969
361,387,7591381.0722,554333.7969
362,211,7591381.0722,543773.7969
363,211,7591381.0722,533213.7969
364,211,7591381.0722,522653.79689999996
365,70,7591381.0722,512093.79689999996
366,70,7591381.0722,501533.79689999996
367,70,7591381.0722,490973.79689999996
368,70,7591381.0722,480413.79689999996
369,70,7591381.0722,469853.79689999996
370,43,7591381.0722,459293.79689999996
371,97,7601941.0722,754973.7969
372,97,7601941.0722,744413.7969
373,87,7601941.0722,733853.7969
374,87,7601941.0722,723293.7969
375,87,7601941.0722,712733.7969
376,453,7601941.0722,702173.7969
377,252,7601941.0722,691613.7969
378,505,7601941.0722,681053.7969
379,141,7601941.0722,670493.7969
380,70,7601941.0722,659933.7969
381,141,7601941.0722,649373.7969
382,101,7601941.0722,638813.7969
383,513,7601941.0722,628253.7969
384,132,7601941.0722,617693.7969
385,47,7601941.0722,607133.7969
386,47,7601941.0722,596573.7969
387,102,7601941.0722,586013.7969
388,107,7601941.0722,575453.7969
389,111,7601941.0722,564893.7969
390,278,7601941.0722,554333.7969
391,161,7601941.0722,543773.7969
392,211,7601941.0722,533213.7969
393,87,7601941.0722,522653.79689999996
394,87,7601941.0722,512093.79689999996
395,167,7601941.0722,501533.79689999996
396,167,7601941.0722,490973.79689999996
397,167,7601941.0722,480413.79689999996
398,167,7601941.0722,469853.79689999996
399,138,7601941.0722,459293.79689999996
400,138,7601941.0722,448733.79689999996
401,82,7612501.0722,797213.7969
402,82,7612501.0722,776093.7969
403,82,7612501.0722,765533.7969
404,97,7612501.0722,754973.7969
405,97,7612501.0722,744413.7969
406,97,7612501.0722,733853.7969
407,97,7612501.0722,723293.7969
408,142,7612501.0722,712733.7969
409,87,7612501.0722,702173.7969
410,8,7612501.0722,691613.7969
411,218,7612501.0722,681053.7969
412,439,7612501.0722,670493.7969
413,77,7612501.0722,659933.7969
414,57,7612501.0722,649373.7969
415,207,7612501.0722,638813.7969
416,116,7612501.0722,628253.7969
417,156,7612501.0722,617693.7969
418,529,7612501.0722,607133.7969
419,52,7612501.0722,596573.7969
420,259,7612501.0722,586013.7969
421,259,7612501.0722,575453.7969
422,300,7612501.0722,564893.7969
423,111,7612501.0722,554333.7969
424,163,7612501.0722,543773.7969
425,82,7612501.0722,533213.7969
426,336,7612501.0722,522653.79689999996
427,87,7612501.0722,512093.79689999996
428,459,7612501.0722,501533.79689999996
429,167,7612501.0722,490973.79689999996
430,167,7612501.0722,480413.79689999996
431,167,7612501.0722,469853.79689999996
432,138,7612501.0722,459293.79689999996
433,138,7612501.0722,448733.79689999996
434,82,7623061.0722,776093.7969
435,82,7623061.0722,765533.7969
436,97,7623061.0722,754973.7969
437,97,7623061.0722,733853.7969
438,309,7623061.0722,723293.7969
439,379,7623061.0722,712733.7969
440,142,7623061.0722,702173.7969
441,218,7623061.0722,691613.7969
442,164,7623061.0722,681053.7969
443,208,7623061.0722,670493.7969
444,366,7623061.0722,659933.7969
445,191,7623061.0722,649373.7969
446,42,7623061.0722,638813.7969
447,61,7623061.0722,628253.7969
448,156,7623061.0722,617693.7969
449,244,7623061.0722,607133.7969
450,52,7623061.0722,596573.7969
451,259,7623061.0722,586013.7969
452,300,7623061.0722,575453.7969
453,12,7623061.0722,564893.7969
454,163,7623061.0722,554333.7969
455,163,7623061.0722,543773.7969
456,163,7623061.0722,533213.7969
457,82,7623061.0722,522653.79689999996
458,82,7623061.0722,512093.79689999996
459,240,7623061.0722,501533.79689999996
460,240,7623061.0722,490973.79689999996
461,85,7623061.0722,480413.79689999996
462,167,7623061.0722,469853.79689999996
463,167,7623061.0722,459293.79689999996
464,138,7623061.0722,448733.79689999996
465,140,7633621.0722,723293.7969
466,77,7633621.0722,712733.7969
467,0,7633621.0722,702173.7969
468,142,7633621.0722,691613.7969
469,133,7633621.0722,681053.7969
470,306,7633621.0722,670493.7969
471,467,7633621.0722,659933.7969
472,221,7633621.0722,649373.7969
473,138,7633621.0722,638813.7969
474,151,7633621.0722,628253.7969
475,80,7633621.0722,617693.7969
476,58,7633621.0722,607133.7969
477,44,7633621.0722,596573.7969
478,110,7633621.0722,586013.7969
479,143,7633621.0722,575453.7969
480,12,7633621.0722,564893.7969
481,163,7633621.0722,554333.7969
482,163,7633621.0722,543773.7969
483,163,7633621.0722,533213.7969
484,163,7633621.0722,522653.79689999996
485,149,7633621.0722,512093.79689999996
486,149,7633621.0722,501533.79689999996
487,149,7633621.0722,490973.79689999996
488,85,7633621.0722,480413.79689999996
489,85,7633621.0722,469853.79689999996
490,85,7633621.0722,459293.79689999996
491,85,7633621.0722,448733.79689999996
492,138,7633621.0722,438173.79689999996
493,0,7644181.0722,691613.7969
494,296,7644181.0722,681053.7969
495,45,7644181.0722,670493.7969
496,85,7644181.0722,659933.7969
497,42,7644181.0722,649373.7969
498,9,7644181.0722,638813.7969
499,164,7644181.0722,628253.7969
500,151,7644181.0722,617693.7969
501,80,7644181.0722,607133.7969
502,170,7644181.0722,596573.7969
503,170,7644181.0722,586013.7969
504,138,7644181.0722,575453.7969
505,138,7644181.0722,564893.7969
506,163,7644181.0722,554333.7969
507,163,7644181.0722,543773.7969
508,163,7644181.0722,533213.7969
509,164,7644181.0722,522653.79689999996
510,164,7644181.0722,512093.79689999996
511,149,7644181.0722,501533.79689999996
512,34,7644181.0722,490973.79689999996
513,34,7644181.0722,480413.79689999996
514,34,7644181.0722,469853.79689999996
515,85,7644181.0722,459293.79689999996
516,85,7644181.0722,448733.79689999996
517,34,7644181.0722,438173.79689999996
518,263,7654741.0722,681053.7969
519,218,7654741.0722,670493.7969
520,104,7654741.0722,659933.7969
521,107,7654741.0722,649373.7969
522,369,7654741.0722,638813.7969
523,138,7654741.0722,628253.7969
524,136,7654741.0722,617693.7969
525,80,7654741.0722,607133.7969
526,313,7654741.0722,596573.7969
527,170,7654741.0722,586013.7969
528,79,7654741.0722,575453.7969
529,79,7654741.0722,564893.7969
530,79,7654741.0722,554333.7969
531,79,7654741.0722,543773.7969
532,164,7654741.0722,533213.7969
533,164,7654741.0722,522653.79689999996
534,164,7654741.0722,512093.79689999996
535,34,7654741.0722,501533.79689999996
536,34,7654741.0722,490973.79689999996
537,34,7654741.0722,480413.79689999996
538,34,7654741.0722,469853.79689999996
539,34,7654741.0722,459293.79689999996
540,34,7654741.0722,448733.79689999996
541,34,7654741.0722,438173.79689999996
542,232,7665301.0722,681053.7969
543,154,7665301.0722,670493.7969
544,87,7665301.0722,659933.7969
545,368,7665301.0722,649373.7969
546,123,7665301.0722,638813.7969
547,128,7665301.0722,628253.7969
548,288,7665301.0722,617693.7969
549,143,7665301.0722,607133.7969
550,313,7665301.0722,596573.7969
551,141,7665301.0722,586013.7969
552,141,7665301.0722,575453.7969
553,79,7665301.0722,564893.7969
554,461,7665301.0722,554333.7969
555,205,7665301.0722,543773.7969
556,164,7665301.0722,533213.7969
557,164,7665301.0722,522653.79689999996
558,164,7665301.0722,512093.79689999996
559,164,7665301.0722,501533.79689999996
560,84,7665301.0722,490973.79689999996
561,34,7665301.0722,480413.79689999996
562,34,7665301.0722,469853.79689999996
563,34,7665301.0722,459293.79689999996
564,34,7665301.0722,448733.79689999996
565,682,7675861.0722,681053.7969
566,176,7675861.0722,670493.7969
567,263,7675861.0722,659933.7969
568,426,7675861.0722,649373.7969
569,203,7675861.0722,638813.7969
570,97,7675861.0722,628253.7969
571,314,7675861.0722,617693.7969
572,163,7675861.0722,607133.7969
573,114,7675861.0722,596573.7969
574,141,7675861.0722,586013.7969
575,126,7675861.0722,575453.7969
576,123,7675861.0722,564893.7969
577,123,7675861.0722,554333.7969
578,205,7675861.0722,543773.7969
579,84,7675861.0722,533213.7969
580,84,7675861.0722,522653.79689999996
581,164,7675861.0722,512093.79689999996
582,84,7675861.0722,501533.79689999996
583,84,7675861.0722,490973.79689999996
584,84,7675861.0722,480413.79689999996
585,84,7675861.0722,469853.79689999996
586,34,7675861.0722,459293.79689999996
587,34,7675861.0722,448733.79689999996
588,146,7686421.0722,702173.7969
589,353,7686421.0722,691613.7969
590,462,7686421.0722,681053.7969
591,228,7686421.0722,670493.7969
592,156,7686421.0722,659933.7969
593,156,7686421.0722,649373.7969
594,128,7686421.0722,638813.7969
595,169,7686421.0722,628253.7969
596,196,7686421.0722,617693.7969
597,196,7686421.0722,607133.7969
598,114,7686421.0722,596573.7969
599,165,7686421.0722,586013.7969
600,123,7686421.0722,575453.7969
601,123,7686421.0722,564893.7969
602,106,7686421.0722,554333.7969
603,176,7686421.0722,543773.7969
604,176,7686421.0722,533213.7969
605,84,7686421.0722,522653.79689999996
606,84,7686421.0722,512093.79689999996
607,84,7686421.0722,501533.79689999996
608,84,7686421.0722,490973.79689999996
609,84,7686421.0722,480413.79689999996
610,84,7686421.0722,469853.79689999996
611,146,7696981.0722,702173.7969
612,189,7696981.0722,691613.7969
613,464,7696981.0722,681053.7969
614,338,7696981.0722,670493.7969
615,176,7696981.0722,659933.7969
616,172,7696981.0722,649373.7969
617,216,7696981.0722,638813.7969
618,169,7696981.0722,628253.7969
619,169,7696981.0722,617693.7969
620,196,7696981.0722,607133.7969
621,196,7696981.0722,596573.7969
622,165,7696981.0722,586013.7969
623,172,7696981.0722,575453.7969
624,106,7696981.0722,564893.7969
625,106,7696981.0722,554333.7969
626,176,7696981.0722,543773.7969
627,176,7696981.0722,533213.7969
628,84,7696981.0722,522653.79689999996
629,84,7696981.0722,512093.79689999996
630,84,7696981.0722,501533.79689999996
631,84,7696981.0722,490973.79689999996
632,84,7696981.0722,480413.79689999996
633,84,7696981.0722,469853.79689999996
634,189,7707541.0722,691613.7969
635,195,7707541.0722,681053.7969
636,67,7707541.0722,670493.7969
637,176,7707541.0722,659933.7969
638,176,7707541.0722,649373.7969
639,216,7707541.0722,638813.7969
640,191,7707541.0722,628253.7969
641,191,7707541.0722,617693.7969
642,191,7707541.0722,607133.7969
643,58,7707541.0722,596573.7969
644,58,7707541.0722,586013.7969
645,172,7707541.0722,575453.7969
646,106,7707541.0722,564893.7969
647,106,7707541.0722,554333.7969
648,176,7707541.0722,543773.7969
649,176,7707541.0722,533213.7969
650,84,7707541.0722,522653.79689999996
651,84,7707541.0722,512093.79689999996
652,84,7707541.0722,501533.79689999996
653,84,7707541.0722,490973.79689999996
654,84,7707541.0722,480413.79689999996
655,84,7707541.0722,469853.79689999996
656,84,7707541.0722,459293.79689999996
657,189,7718101.0722,691613.7969
658,137,7718101.0722,681053.7969
659,451,7718101.0722,670493.7969
660,13,7718101.0722,659933.7969
661,171,7718101.0722,649373.7969
662,56,7718101.0722,638813.7969
663,191,7718101.0722,628253.7969
664,148,7718101.0722,617693.7969
665,148,7718101.0722,607133.7969
666,172,7718101.0722,596573.7969
667,172,7718101.0722,586013.7969
668,172,7718101.0722,575453.7969
669,173,7718101.0722,564893.7969
670,173,7718101.0722,554333.7969
671,173,7718101.0722,543773.7969
672,173,7718101.0722,533213.7969
673,84,7718101.0722,522653.79689999996
674,84,7718101.0722,512093.79689999996
675,84,7718101.0722,501533.79689999996
676,84,7718101.0722,490973.79689999996
677,84,7718101.0722,480413.79689999996
678,84,7718101.0722,469853.79689999996
679,84,7718101.0722,459293.79689999996
680,69,7728661.0722,691613.7969
681,69,7728661.0722,681053.7969
682,99,7728661.0722,670493.7969
683,99,7728661.0722,659933.7969
684,96,7728661.0722,649373.7969
685,79,7728661.0722,638813.7969
686,191,7728661.0722,628253.7969
687,119,7728661.0722,617693.7969
688,57,7728661.0722,607133.7969
689,259,7728661.0722,596573.7969
690,172,7728661.0722,586013.7969
691,172,7728661.0722,575453.7969
692,173,7728661.0722,564893.7969
693,173,7728661.0722,554333.7969
694,173,7728661.0722,543773.7969
695,173,7728661.0722,533213.7969
696,84,7728661.0722,522653.79689999996
697,84,7728661.0722,512093.79689999996
698,84,7728661.0722,501533.79689999996
699,84,7728661.0722,490973.79689999996
700,84,7728661.0722,480413.79689999996
701,84,7728661.0722,469853.79689999996
702,84,7728661.0722,459293.79689999996
703,69,7739221.0722,681053.7969
704,69,7739221.0722,670493.7969
705,99,7739221.0722,659933.7969
706,234,7739221.0722,649373.7969
707,79,7739221.0722,638813.7969
708,124,7739221.0722,628253.7969
709,124,7739221.0722,617693.7969
710,57,7739221.0722,607133.7969
711,171,7739221.0722,596573.7969
712,234,7739221.0722,586013.7969
713,186,7739221.0722,575453.7969
714,173,7739221.0722,564893.7969
715,173,7739221.0722,554333.7969
716,173,7739221.0722,543773.7969
717,173,7739221.0722,533213.7969
718,173,7739221.0722,522653.79689999996
719,84,7739221.0722,512093.79689999996
720,84,7739221.0722,501533.79689999996
721,84,7739221.0722,490973.79689999996
722,84,7739221.0722,480413.79689999996
723,84,7739221.0722,469853.79689999996
724,84,7739221.0722,459293.79689999996
725,131,7749781.0722,681053.7969
726,131,7749781.0722,670493.7969
727,131,7749781.0722,659933.7969
728,228,7749781.0722,649373.7969
729,198,7749781.0722,638813.7969
730,549,7749781.0722,628253.7969
731,124,7749781.0722,617693.7969
732,85,7749781.0722,607133.7969
733,130,7749781.0722,596573.7969
734,234,7749781.0722,586013.7969
735,186,7749781.0722,575453.7969
736,173,7749781.0722,564893.7969
737,173,7749781.0722,554333.7969
738,173,7749781.0722,543773.7969
739,0,7749781.0722,533213.7969
740,0,7749781.0722,522653.79689999996
741,0,7749781.0722,512093.79689999996
742,0,7749781.0722,501533.79689999996
743,0,7749781.0722,490973.79689999996
744,0,7749781.0722,480413.79689999996
745,0,7749781.0722,469853.79689999996
746,0,7749781.0722,459293.79689999996
747,78,7760341.0722,691613.7969
748,78,7760341.0722,681053.7969
749,131,7760341.0722,670493.7969
750,131,7760341.0722,659933.7969
751,201,7760341.0722,649373.7969
752,201,7760341.0722,649373.7969
753,201,7760341.0722,638813.7969
754,201,7760341.0722,638813.7969
755,111,7760341.0722,628253.7969
756,85,7760341.0722,617693.7969
757,85,7760341.0722,607133.7969
758,85,7760341.0722,596573.7969
759,130,7760341.0722,586013.7969
760,0,7760341.0722,575453.7969
761,0,7760341.0722,564893.7969
762,0,7760341.0722,554333.7969
763,0,7760341.0722,543773.7969
764,0,7760341.0722,533213.7969
765,0,7760341.0722,522653.79689999996
766,0,7760341.0722,512093.79689999996
767,0,7760341.0722,501533.79689999996
768,0,7760341.0722,490973.79689999996
769,0,7760341.0722,480413.79689999996
770,0,7760341.0722,469853.79689999996
771,0,7760341.0722,459293.79689999996
772,78,7770901.0722,681053.7969
773,131,7770901.0722,670493.7969
774,131,7770901.0722,659933.7969
775,201,7770901.0722,649373.7969
776,201,7770901.0722,649373.7969
777,201,7770901.0722,638813.7969
778,201,7770901.0722,638813.7969
779,111,7770901.0722,628253.7969
780,299,7770901.0722,617693.7969
781,299,7770901.0722,607133.7969
782,299,7770901.0722,596573.7969
783,130,7770901.0722,586013.7969
784,130,7770901.0722,575453.7969
785,0,7770901.0722,564893.7969
786,0,7770901.0722,554333.7969
787,0,7770901.0722,543773.7969
788,0,7770901.0722,533213.7969
789,0,7770901.0722,522653.79689999996
790,0,7770901.0722,512093.79689999996
791,0,7770901.0722,501533.79689999996
792,0,7770901.0722,490973.79689999996
793,0,7770901.0722,480413.79689999996
794,0,7770901.0722,469853.79689999996
795,0,7770901.0722,459293.79689999996
796,78,7781461.0722,691613.7969
797,78,7781461.0722,681053.7969
798,131,7781461.0722,670493.7969
799,78,7781461.0722,659933.7969
800,201,7781461.0722,649373.7969
801,201,7781461.0722,649373.7969
802,201,7781461.0722,638813.7969
803,201,7781461.0722,638813.7969
804,111,7781461.0722,628253.7969
805,299,7781461.0722,617693.7969
806,299,7781461.0722,607133.7969
807,130,7781461.0722,596573.7969
808,130,7781461.0722,586013.7969
809,130,7781461.0722,575453.7969
810,0,7781461.0722,564893.7969
811,0,7781461.0722,554333.7969
812,0,7781461.0722,543773.7969
813,0,7781461.0722,533213.7969
814,0,7781461.0722,522653.79689999996
815,0,7781461.0722,512093.79689999996
816,0,7781461.0722,501533.79689999996
817,0,7781461.0722,490973.79689999996
818,0,7781461.0722,480413.79689999996
819,0,7781461.0722,469853.79689999996
820,0,7781461.0722,459293.79689999996
821,0,7781461.0722,448733.79689999996
822,78,7792021.0722,691613.7969
823,78,7792021.0722,681053.7969
824,78,7792021.0722,670493.7969
825,78,7792021.0722,659933.7969
826,201,7792021.0722,649373.7969
827,201,7792021.0722,649373.7969
828,201,7792021.0722,638813.7969
829,201,7792021.0722,638813.7969
830,299,7792021.0722,628253.7969
831,299,7792021.0722,617693.7969
832,299,7792021.0722,607133.7969
833,0,7792021.0722,596573.7969
834,0,7792021.0722,586013.7969
835,0,7792021.0722,575453.7969
836,0,7792021.0722,564893.7969
837,0,7792021.0722,554333.7969
838,0,7792021.0722,543773.7969
839,0,7792021.0722,533213.7969
840,0,7792021.0722,522653.79689999996
841,0,7792021.0722,512093.79689999996
842,0,7792021.0722,501533.79689999996
843,0,7792021.0722,490973.79689999996
844,0,7792021.0722,480413.79689999996
845,0,7792021.0722,469853.79689999996
846,0,7792021.0722,459293.79689999996
847,0,7792021.0722,448733.79689999996
848,78,7802581.0722,691613.7969
849,78,7802581.0722,681053.7969
850,78,7802581.0722,670493.7969
851,78,7802581.0722,659933.7969
852,201,7802581.0722,649373.7969
853,201,7802581.0722,649373.7969
854,201,7802581.0722,638813.7969
855,201,7802581.0722,638813.7969
856,299,7802581.0722,628253.7969
857,299,7802581.0722,617693.7969
858,299,7802581.0722,607133.7969
859,299,7802581.0722,596573.7969
860,299,7802581.0722,586013.7969
861,0,7802581.0722,575453.7969
862,0,7802581.0722,564893.7969
863,0,7802581.0722,554333.7969
864,0,7802581.0722,543773.7969
865,0,7802581.0722,533213.7969
866,0,7802581.0722,522653.79689999996
867,0,7802581.0722,512093.79689999996
868,0,7802581.0722,501533.79689999996
869,0,7802581.0722,490973.79689999996
870,0,7802581.0722,480413.79689999996
871,0,7802581.0722,469853.79689999996
872,0,7802581.0722,459293.79689999996
873,0,7802581.0722,448733.79689999996
874,78,7813141.0722,691613.7969
875,78,7813141.0722,681053.7969
876,78,7813141.0722,670493.7969
877,78,7813141.0722,659933.7969
878,201,7813141.0722,649373.7969
879,201,7813141.0722,649373.7969
880,201,7813141.0722,638813.7969
881,201,7813141.0722,638813.7969
882,201,7813141.0722,628253.7969
883,201,7813141.0722,628253.7969
884,299,7813141.0722,617693.7969
885,299,7813141.0722,607133.7969
886,299,7813141.0722,596573.7969
887,299,7813141.0722,586013.7969
888,0,7813141.0722,575453.7969
889,0,7813141.0722,564893.7969
890,0,7813141.0722,554333.7969
891,0,7813141.0722,543773.7969
892,0,7813141.0722,533213.7969
893,0,7813141.0722,522653.79689999996
894,0,7813141.0722,512093.79689999996
895,0,7813141.0722,501533.79689999996
896,0,7813141.0722,490973.79689999996
897,0,7813141.0722,480413.79689999996
898,0,7813141.0722,469853.79689999996
899,0,7813141.0722,459293.79689999996
900,0,7813141.0722,448733.79689999996
901,78,7823701.0722,702173.7969
902,78,7823701.0722,691613.7969
903,78,7823701.0722,681053.7969
904,78,7823701.0722,670493.7969
905,78,7823701.0722,659933.7969
906,201,7823701.0722,649373.7969
907,201,7823701.0722,649373.7969
908,201,7823701.0722,638813.7969
909,201,7823701.0722,638813.7969
910,201,7823701.0722,628253.7969
911,201,7823701.0722,628253.7969
912,272,7823701.0722,617693.7969
913,299,7823701.0722,607133.7969
914,299,7823701.0722,596573.7969
915,299,7823701.0722,586013.7969
916,0,7823701.0722,575453.7969
917,0,7823701.0722,564893.7969
918,0,7823701.0722,554333.7969
919,0,7823701.0722,543773.7969
920,0,7823701.0722,533213.7969
921,0,7823701.0722,522653.79689999996
922,0,7823701.0722,512093.79689999996
923,0,7823701.0722,501533.79689999996
924,0,7823701.0722,490973.79689999996
925,0,7823701.0722,480413.79689999996
926,0,7823701.0722,469853.79689999996
927,0,7823701.0722,459293.79689999996
928,0,7823701.0722,448733.79689999996
929,78,7834261.0722,702173.7969
930,78,7834261.0722,691613.7969
931,78,7834261.0722,681053.7969
932,78,7834261.0722,670493.7969
933,78,7834261.0722,659933.7969
934,201,7834261.0722,649373.7969
935,201,7834261.0722,649373.7969
936,201,7834261.0722,638813.7969
937,201,7834261.0722,638813.7969
938,201,7834261.0722,628253.7969
939,201,7834261.0722,628253.7969
940,201,7834261.0722,617693.7969
941,201,7834261.0722,617693.7969
942,79,7834261.0722,607133.7969
943,79,7834261.0722,607133.7969
944,79,7834261.0722,596573.7969
945,79,7834261.0722,596573.7969
946,0,7834261.0722,586013.7969
947,0,7834261.0722,575453.7969
948,0,7834261.0722,564893.7969
949,0,7834261.0722,554333.7969
950,0,7834261.0722,543773.7969
951,0,7834261.0722,533213.7969
952,0,7834261.0722,522653.79689999996
953,0,7834261.0722,512093.79689999996
954,0,7834261.0722,501533.79689999996
955,0,7834261.0722,490973.79689999996
956,0,7834261.0722,480413.79689999996
957,0,7834261.0722,469853.79689999996
958,0,7834261.0722,459293.79689999996
959,0,7834261.0722,448733.79689999996
960,78,7844821.0722,670493.7969
961,78,7844821.0722,659933.7969
962,201,7844821.0722,649373.7969
963,201,7844821.0722,649373.7969
964,201,7844821.0722,638813.7969
965,201,7844821.0722,638813.7969
966,201,7844821.0722,628253.7969
967,201,7844821.0722,628253.7969
968,201,7844821.0722,617693.7969
969,201,7844821.0722,617693.7969
970,201,7844821.0722,607133.7969
971,201,7844821.0722,607133.7969
972,79,7844821.0722,596573.7969
973,79,7844821.0722,596573.7969
974,79,7844821.0722,586013.7969
975,79,7844821.0722,586013.7969
976,0,7844821.0722,575453.7969
977,0,7844821.0722,564893.7969
978,0,7844821.0722,554333.7969
979,0,7844821.0722,543773.7969
980,0,7844821.0722,533213.7969
981,0,7844821.0722,522653.79689999996
982,0,7844821.0722,512093.79689999996
983,0,7844821.0722,501533.79689999996
984,0,7844821.0722,490973.79689999996
985,0,7844821.0722,480413.79689999996
986,0,7844821.0722,469853.79689999996
987,0,7844821.0722,459293.79689999996
988,0,7844821.0722,448733.79689999996
989,78,7855381.0722,659933.7969
990,201,7855381.0722,649373.7969
991,201,7855381.0722,649373.7969
992,201,7855381.0722,638813.7969
993,201,7855381.0722,638813.7969
994,201,7855381.0722,628253.7969
995,201,7855381.0722,628253.7969
996,201,7855381.0722,617693.7969
997,201,7855381.0722,617693.7969
998,201,7855381.0722,607133.7969
999,201,7855381.0722,607133.7969
1000,79,7855381.0722,596573.7969
1001,79,7855381.0722,596573.7969
1002,79,7855381.0722,586013.7969
1003,79,7855381.0722,586013.7969
1004,79,7855381.0722,575453.7969
1005,79,7855381.0722,575453.7969
1006,0,7855381.0722,564893.7969
1007,0,7855381.0722,554333.7969
1008,0,7855381.0722,543773.7969
1009,0,7855381.0722,533213.7969
1010,0,7855381.0722,522653.79689999996
1011,0,7855381.0722,512093.79689999996
1012,0,7855381.0722,501533.79689999996
1013,0,7855381.0722,490973.79689999996
1014,0,7855381.0722,480413.79689999996
1015,0,7855381.0722,469853.79689999996
1016,0,7855381.0722,459293.79689999996
1017,0,7855381.0722,448733.79689999996
1018,201,7865941.0722,649373.7969
1019,201,7865941.0722,649373.7969
1020,201,7865941.0722,638813.7969
1021,201,7865941.0722,638813.7969
1022,201,7865941.0722,628253.7969
1023,201,7865941.0722,628253.7969
1024,201,7865941.0722,617693.7969
1025,201,7865941.0722,617693.7969
1026,201,7865941.0722,607133.7969
1027,201,7865941.0722,607133.7969
1028,79,7865941.0722,596573.7969
1029,79,7865941.0722,596573.7969
1030,79,7865941.0722,586013.7969
1031,79,7865941.0722,586013.7969
1032,79,7865941.0722,575453.7969
1033,79,7865941.0722,575453.7969
1034,0,7865941.0722,564893.7969
1035,0,7865941.0722,554333.7969
1036,0,7865941.0722,543773.7969
1037,0,7865941.0722,533213.7969
1038,0,7865941.0722,522653.79689999996
1039,0,7865941.0722,512093.79689999996
1040,0,7865941.0722,501533.79689999996
1041,0,7865941.0722,469853.79689999996
1042,0,7865941.0722,459293.79689999996
1043,0,7865941.0722,448733.79689999996
1044,201,7876501.0722,628253.7969
1045,201,7876501.0722,628253.7969
1046,201,7876501.0722,617693.7969
1047,201,7876501.0722,617693.7969
1048,201,7876501.0722,607133.7969
1049,201,7876501.0722,607133.7969
1050,79,7876501.0722,596573.7969
1051,79,7876501.0722,596573.7969
1052,79,7876501.0722,586013.7969
1053,79,7876501.0722,586013.7969
1054,79,7876501.0722,575453.7969
1055,79,7876501.0722,575453.7969
1056,0,7876501.0722,564893.7969
1057,0,7876501.0722,554333.7969
1058,0,7876501.0722,543773.7969
1059,0,7876501.0722,533213.7969
1060,0,7876501.0722,522653.79689999996
1061,0,7876501.0722,512093.79689999996
1062,0,7876501.0722,459293.79689999996
1063,0,7876501.0722,448733.79689999996
1064,201,7887061.0722,628253.7969
1065,201,7887061.0722,628253.7969
1066,201,7887061.0722,617693.7969
1067,201,7887061.0722,617693.7969
1068,79,7887061.0722,607133.7969
1069,79,7887061.0722,607133.7969
1070,79,7887061.0722,596573.7969
1071,79,7887061.0722,596573.7969
1072,79,7887061.0722,586013.7969
1073,79,7887061.0722,586013.7969
1074,79,7887061.0722,575453.7969
1075,79,7887061.0722,575453.7969
1076,0,7887061.0722,543773.7969
1077,0,7887061.0722,533213.7969
1078,0,7887061.0722,522653.79689999996
1079,0,7887061.0722,512093.79689999996
1080,129,7897621.0722,617693.7969
1081,129,7897621.0722,617693.7969
1082,129,7897621.0722,607133.7969
1083,129,7897621.0722,607133.7969
1084,79,7897621.0722,596573.7969
1085,79,7897621.0722,596573.7969
1086,121,7897621.0722,586013.7969
1087,121,7897621.0722,586013.7969
1088,0,7897621.0722,522653.79689999996
1089,129,7908181.0722,607133.7969
1090,129,7908181.0722,607133.7969
1091,121,7908181.0722,596573.7969
1092,121,7908181.0722,596573.7969
1093,121,7908181.0722,586013.7969
1094,121,7908181.0722,586013.7969
1095,129,7918741.0722,607133.7969
1096,129,7918741.0722,607133.7969
1097,121,7918741.0722,596573.7969
1098,121,7918741.0722,596573.7969
1099,121,7918741.0722,586013.7969
1100,121,7918741.0722,586013.7969
1101,121,7929301.0722,596573.7969
1102,121,7929301.0722,596573.7969
